zone;sum
0.0;276157904062.27747
1.0;2327117824.0
2.0;5851028800.0
3.0;3712524200.3515625
4.0;3166549760.0
5.0;2524824384.0
6.0;2717831296.0
7.0;3697814240.0
8.0;2540672000.0
9.0;2946925024.0
10.0;2165018352.0
11.0;3104312832.0
12.0;4547786240.0
13.0;5863040496.0
14.0;2929436928.0
15.0;2762365564.0
16.0;2323748345.0
17.0;2061318208.0
18.0;3716456000.0
19.0;3347846144.0
20.0;4287224320.0
21.0;2701449024.0
22.0;2710968320.0
23.0;2016975880.0
24.0;3897734656.0
25.0;2752605696.0
26.0;2626781568.0
27.0;3511353392.0
28.0;2144729088.0
29.0;3079392916.0
30.0;2735782400.0
31.0;1583242432.0
32.0;2786530432.0
33.0;2611684800.0
34.0;1729969328.0
35.0;1209206912.0
36.0;4116377866.0
37.0;4758100352.0
38.0;2946967552.0
39.0;2092683296.0
40.0;2227230637.0
41.0;2707454592.0
42.0;1318445644.0
43.0;2710373120.0
44.0;2672028352.0
45.0;2170646508.5
46.0;4137524084.0
47.0;3516235008.0
48.0;2047031936.0
49.0;4924469536.0
50.0;4255653632.0
51.0;2726632192.0
52.0;1943255080.0
53.0;3149473664.0
54.0;4207192576.0
55.0;2731698720.0
56.0;2621838956.90625
57.0;2704304896.0
58.0;2752479560.0
59.0;3417601408.0
60.0;3913146752.0
61.0;3084146464.0
62.0;3684210912.0
63.0;6360367616.0
64.0;3599879520.0
65.0;5308622786.0
66.0;4073456256.0
67.0;2927806784.0
68.0;12575655809.625
69.0;5267880128.0
70.0;21498642304.0
71.0;10980976640.0
72.0;5030208544.0
73.0;3392857840.0
74.0;2157570112.0
75.0;5951576533.375
76.0;9524163048.5
77.0;7648867096.75
78.0;5768961047.0
79.0;3859765368.0
80.0;1737262416.0
81.0;11254003648.0
82.0;2130212542.0
83.0;2163944928.0
84.0;3615042784.0
85.0;2145918592.0
86.0;2711519232.0
87.0;1789012736.0
88.0;3165342320.0
89.0;3067289600.0
90.0;2191405840.0
91.0;698039920.0
92.0;4183430848.0
93.0;810825664.0
94.0;2437741312.0
95.0;3004614144.0
96.0;3736381312.0
97.0;1966359041.375
98.0;776236952.0
99.0;2674819840.0
100.0;432839952.0
101.0;675933932.0
102.0;3215146224.0
103.0;1283984952.0
104.0;3439955200.0
105.0;2158698368.0
106.0;2667833728.0
107.0;2064570208.0
108.0;3737464360.0
109.0;3296410016.0
110.0;841614592.0
111.0;2946334340.0
112.0;3103778420.0
113.0;2739458496.0
114.0;2634726984.0
115.0;2249220888.0
116.0;735968830.5
117.0;2082065250.0
118.0;3269673216.0
119.0;2046508160.0
120.0;1105680459.5
121.0;756340480.0
122.0;1479704020.0
123.0;2024058060.0
124.0;2929895360.0
125.0;1294302256.0
126.0;3660303584.0
127.0;2148585024.0
128.0;1733402944.0
129.0;517400224.0
130.0;1488378273.0
131.0;4881668400.0
132.0;2894848000.0
133.0;4055869952.0
134.0;3446504320.0
135.0;2693785136.0
136.0;814491888.0
137.0;3188289236.0
138.0;764573472.0
139.0;4844408384.0
140.0;3645544704.0
141.0;1246955336.0
142.0;2822601984.0
143.0;1963262464.0
144.0;823216422.0
145.0;3771123712.0
146.0;4986009088.0
147.0;2468743392.0
148.0;1725401856.0
149.0;2596599808.0
150.0;2360885285.0
151.0;2529082688.0
152.0;5052060560.0
153.0;3246406464.0
154.0;3538961344.0
155.0;3372186297.9956055
156.0;913766040.0
157.0;4633817664.0
158.0;1811486400.0
159.0;2778205184.0
160.0;2407512144.0
161.0;6593481568.0
162.0;4321014545.75
163.0;3582251648.0
164.0;1747139152.0
165.0;6944412480.0
166.0;9355438208.0
167.0;12786512918.402344
168.0;4258877169.482422
169.0;22697404032.0
170.0;1244489472.375
171.0;4214320781.0
172.0;13277470432.5
173.0;1100414720.0
174.0;8351126528.0
175.0;13161020456.0
176.0;10433182233.375
177.0;5287498416.0
178.0;2019985088.0
179.0;5887802368.0
180.0;21583584640.0
181.0;2513908496.0
182.0;11403909342.0
183.0;4499169792.0
184.0;12783603488.0
185.0;4090560980.5
186.0;5150747520.0
187.0;2326501000.0
188.0;6857172116.0
189.0;13254749988.0
190.0;7746504127.0
191.0;1462463856.0
192.0;6142540864.0
193.0;10333216637.65918
194.0;12125030300.0
195.0;60376832.0
196.0;1856753581.0
197.0;10687272000.0
198.0;1875445504.0
199.0;12534339969.8125
200.0;4420653913.1875
201.0;2231705920.0
202.0;20436698272.25
203.0;4907460000.0
204.0;30643478526.28125
205.0;1316446910.0
206.0;7110895637.0
207.0;2761501752.5
208.0;691922170.0
209.0;13535416384.0
210.0;19402115298.0
211.0;12445354496.34375
212.0;9321223936.0
213.0;7604111528.25
214.0;1826879976.0
215.0;2128015908.0
216.0;502641392.0
217.0;560896048.0
218.0;607537864.0
219.0;4671128938.5
220.0;1506070272.0
221.0;982127490.5
222.0;1702223248.0
223.0;17368280.0
224.0;2296104704.0
225.0;1153455478.0
226.0;1202444160.0
227.0;2624323296.0
228.0;1863470816.0
229.0;461968256.0
230.0;1683067136.0
231.0;2360638646.0
232.0;147720080.0
233.0;2944062080.0
234.0;1771054690.40625
235.0;5869011328.0
236.0;1855461152.0
237.0;2802661632.0
238.0;3180390228.0
239.0;8207995904.0
240.0;536625184.0
241.0;6033601344.0
242.0;9873349838.0
243.0;3396792448.0
244.0;2676148192.0
245.0;4303250688.0
246.0;1945560128.0703125
247.0;949961024.0
248.0;1323571716.5
249.0;1089417832.0
250.0;4328480868.0
251.0;6745398332.0
252.0;5569344472.0
253.0;1755994480.0
254.0;1450981519.75
255.0;6457655952.0
256.0;2694278848.0
257.0;5834530795.0
258.0;3370195630.0
259.0;3690161255.0
260.0;1026757043.0
261.0;710573716.0
262.0;1460035168.0
263.0;5191231232.0
264.0;232470012.0
265.0;3322104960.0
266.0;909936452.0
267.0;1836969136.0
268.0;7090217984.0
269.0;1844765836.0
270.0;7829325568.0
271.0;6417167912.0
272.0;1084371584.0
273.0;2525436954.0
274.0;296002016.0
275.0;1904036800.0
276.0;1779945920.0
277.0;1654977732.0
278.0;2979793088.0
279.0;1758700836.0
280.0;2829598464.0
281.0;2955303858.0625
282.0;4412784640.0
283.0;1602769536.0
284.0;2600852344.0
285.0;2765936384.0
286.0;1652178656.0
287.0;2110565568.0
288.0;1339483072.0
289.0;1162391680.0
290.0;2370262176.0
291.0;179586000.0
292.0;3822266368.0
293.0;3074165248.0
294.0;3307900352.0
295.0;1408695168.0
296.0;2986908672.0
297.0;3216795568.0
298.0;2549880576.0
299.0;2381680384.0
300.0;2275528960.0
301.0;2618203008.0
302.0;6203697454.0
303.0;3725867904.0
304.0;1639639168.0
305.0;3486075498.0
306.0;3168880400.0
307.0;2216232448.0
308.0;2047269632.0
309.0;2982988672.0
310.0;2368525450.6875
311.0;1294693248.0
312.0;3131483840.0
313.0;2745631040.0
314.0;2188271328.0
315.0;1332837632.0
316.0;1592132737.75
317.0;1630401072.0
318.0;2770825920.0
319.0;2502821649.0
320.0;1857228832.0
321.0;1301229485.0
322.0;2782754432.0
323.0;2817969536.0
324.0;2545598384.0
325.0;3110612896.0
326.0;1286845952.0
327.0;3127348640.0
328.0;4655541104.0
329.0;4164625152.0
330.0;2900366784.0
331.0;1491356860.0
332.0;5730475776.0
333.0;847136862.0
334.0;4684492128.0
335.0;3122211567.5
336.0;3064216384.0
337.0;3864764096.0
338.0;2024152864.0
339.0;2491971444.0
340.0;4788416168.0
341.0;5687909544.0
342.0;2240349217.625
343.0;525699958.75
344.0;5709833600.0
345.0;2959431904.0
346.0;2600121528.0
347.0;1173604654.0
348.0;3697927372.0
349.0;1344182816.0
350.0;930984208.0
351.0;1852201120.0
352.0;2539852525.40625
353.0;5190712784.0
354.0;1162052608.0
355.0;4282636724.0
356.0;3208488448.0
357.0;4414972416.0
358.0;2578988872.0
359.0;1781265792.0
360.0;1418241859.0
361.0;958395370.0
362.0;878912384.0
363.0;1203774336.0
364.0;993556672.0
365.0;587520448.0
366.0;2065658528.0
367.0;865584384.0
368.0;1502015408.0
369.0;929391104.0
370.0;591208536.0
371.0;2004450496.0
372.0;1518744960.0
373.0;2018415216.0
374.0;2091575424.0
375.0;2654796736.0
376.0;841825376.0
377.0;808512612.0
378.0;2885190614.0
379.0;725973696.0
380.0;2205335328.0
381.0;604949272.0
382.0;3960245504.0
383.0;1536872416.0
384.0;1047722112.0
385.0;1418213862.5
386.0;2242200448.0
387.0;470042304.0
388.0;674864128.0
389.0;491110917.0
390.0;4274771840.0
391.0;1465855488.0
392.0;1923555480.0
393.0;1349635648.0
394.0;1245737312.0
395.0;575030208.0
396.0;2081246624.0
397.0;1358275456.0
398.0;546549523.5
399.0;724359744.0
400.0;1216566816.0
401.0;1897284673.25
402.0;1081729920.0
403.0;1783984928.0
404.0;828919424.0
405.0;1133322752.0
406.0;891443008.0
407.0;1372655952.0
408.0;2191803520.0
409.0;2075731520.0
410.0;1440292096.0
411.0;2568870464.0
412.0;656238350.0
413.0;2198252400.0
414.0;851974343.0
415.0;2290665664.0
416.0;971047455.0
417.0;960620224.0
418.0;2270473792.0
419.0;2430286080.0
420.0;654601216.0
421.0;1828651190.0
422.0;1474478720.0
423.0;1507208448.0
424.0;1923382912.0
425.0;1649043200.0
426.0;1372899200.0
427.0;1728997888.0
428.0;2353710816.0
429.0;1389953046.625
430.0;2224318720.0
431.0;779108800.0
432.0;1515066752.0
433.0;1237731876.0
434.0;1211800994.0
435.0;877806720.0
436.0;1314276096.0
437.0;1834837568.0
438.0;1208652032.0
439.0;1874341280.0
440.0;1125560320.0
441.0;1126307968.0
442.0;1923870032.0
443.0;776768384.0
444.0;815096512.0
445.0;3034396608.0
446.0;987141824.0
447.0;2213598488.0
448.0;898660160.0
449.0;1873931096.0
450.0;1963948672.0
451.0;1619896572.0
452.0;1128669440.0
453.0;1859948840.0
454.0;1355696448.0
455.0;1077022064.0
456.0;1392482616.0
457.0;2470417152.0
458.0;484562576.0
459.0;1154064896.0
460.0;1801152512.0
461.0;983053760.0
462.0;1578789142.0
463.0;1636307456.0
464.0;843672384.0
465.0;1186743680.0
466.0;749827392.0
467.0;2074597424.0
468.0;1502152320.0
469.0;419662496.0
470.0;1239732096.0
471.0;1273692339.09375
472.0;885650080.0
473.0;1371138888.0
474.0;663507632.0
475.0;1640011080.0
476.0;709896256.0
477.0;2174789325.0
478.0;1528281475.75
479.0;1155693600.0
480.0;539153152.0
481.0;711593088.0
482.0;2219390944.0
483.0;429214208.0
484.0;802226605.75
485.0;839215400.7602539
486.0;2042805805.171875
487.0;1430920448.0
488.0;1909802944.0
489.0;987887936.0
490.0;1611109472.0
491.0;1316331344.0
492.0;1767962496.0
493.0;968461696.0
494.0;1792831808.0
495.0;552899408.0
496.0;1248601728.0
497.0;869499008.0
498.0;811623952.0
499.0;1960460928.0
500.0;659922752.0
501.0;1568733632.0
502.0;1691863976.0
503.0;1465089032.0
504.0;1870921152.0
505.0;1341399808.0
506.0;3977687756.0
507.0;1358897280.0
508.0;2949447520.0
509.0;2691187712.0
510.0;747176968.0
511.0;1242227774.25
512.0;1285072512.0
513.0;1208905472.0
514.0;1131500160.0
515.0;2154529536.0
516.0;2036469888.0
517.0;1465506472.0
518.0;1072735904.0
519.0;5990292032.0
520.0;2651809687.0
521.0;2452125809.0
522.0;4250516948.0
523.0;2585957664.0
524.0;5457929992.0
525.0;8159949568.0
526.0;11163026400.0
527.0;4378582448.0
528.0;8318456896.0
529.0;2667677408.0
530.0;2394640218.8125
531.0;329788130.0
532.0;4748737536.0
533.0;3946208208.0
534.0;3139146401.0
535.0;15814610432.0
536.0;12045581088.0
537.0;6214915360.0
538.0;1606858272.0
539.0;5060502098.0
540.0;1141099712.0
541.0;621071664.0
542.0;42062256848.0
543.0;618705934.0
544.0;462315032.0
545.0;6513644800.0
546.0;4020771500.0
547.0;14198021216.0
548.0;789129480.0
549.0;1031724130.5
550.0;628451264.0
551.0;490987568.0
552.0;1636093504.0
553.0;2253871016.0
554.0;9472957968.0
555.0;363417088.0
556.0;1965983190.0
557.0;17309238304.0
558.0;890544640.0
559.0;2130326358.0
560.0;14751961792.0
561.0;2991752400.0
562.0;1266204288.0
563.0;638426160.0
564.0;463701312.0
565.0;197770224.0
566.0;658749248.0
567.0;678162426.0
568.0;766503360.0
569.0;475602962.0
570.0;561005912.0
571.0;515434704.0
572.0;439337817.0
573.0;715446672.0
574.0;537796672.0
575.0;548784176.0
576.0;499868416.0
577.0;2079901694.0625
578.0;584153496.0
579.0;413579824.0
580.0;384082374.0
581.0;290913448.0
582.0;193697248.0
583.0;826624912.0
584.0;424470480.0
585.0;206605945.0
586.0;588150272.0
587.0;1068646976.0
588.0;178479120.0
589.0;807226240.0
590.0;1551624080.9345703
591.0;409951936.0
592.0;728504222.0
593.0;391293536.0
594.0;524912736.0
595.0;918766440.0
596.0;638151632.0
597.0;430324224.0
598.0;533448653.5
599.0;601612658.25
600.0;1595315984.0
601.0;456979360.0
602.0;1082952173.1875
603.0;721085256.0
604.0;979129536.0
605.0;1218492576.0
606.0;749334528.0
607.0;554831331.46875
608.0;299055072.0
609.0;822593088.0
610.0;1147596800.0
611.0;888976396.25
612.0;392011776.0
613.0;427069728.0
614.0;505922309.0
615.0;313225756.0
616.0;572381968.0
617.0;923141248.0
618.0;664811424.0
619.0;440938176.0
620.0;1172728496.0
621.0;1107982096.0
622.0;930498784.0
623.0;362866432.0
624.0;554797216.0
625.0;498988288.0
626.0;257846672.0
627.0;493155296.0
628.0;622905116.0
629.0;684556128.0
630.0;534385424.0
631.0;203418368.0
632.0;595720240.0
633.0;1030581632.0
634.0;694325396.0
635.0;231356078.0
636.0;1300660532.0
637.0;1415378880.0
638.0;373147936.0
639.0;209172768.0
640.0;1004793472.0
641.0;328820884.0
642.0;646185216.0
643.0;988270720.0
644.0;714618688.0
645.0;790040000.0
646.0;902180032.0
647.0;262023248.0
648.0;709138116.0
649.0;152747018.25
650.0;397397984.0
651.0;681889216.0
652.0;1281295584.0
653.0;703059520.0
654.0;183489302.0
655.0;352619040.0
656.0;520819145.0
657.0;790788976.0
658.0;436221432.0
659.0;492278304.0
660.0;1150246090.0
661.0;1296280320.0
662.0;606848704.0
663.0;543861888.0
664.0;198501200.0
665.0;788259152.0
666.0;793752064.0
667.0;145919696.0
668.0;117801452.0
669.0;295936067.0
670.0;1505320272.0
671.0;294659096.0
672.0;409339368.5
673.0;1100862496.0
674.0;643553024.0
675.0;207790976.0
676.0;1284902680.0
677.0;494765056.0
678.0;1169571584.0
679.0;446766408.0
680.0;357506508.0
681.0;363646720.0
682.0;1023515462.0
683.0;668904344.0
684.0;387488512.0
685.0;488422176.0
686.0;450803616.0
687.0;1155024000.0
688.0;307801492.0
689.0;485063520.0
690.0;331051136.0
691.0;1488484008.0
692.0;477340024.0
693.0;235906892.0
694.0;1456581088.0
695.0;419632456.0
696.0;356382948.0
697.0;211509888.0
698.0;360665944.0
699.0;1189082004.0
700.0;443252256.0
701.0;239341360.0
702.0;1164845048.0
703.0;1100201104.0
704.0;453215456.0
705.0;405157344.0
706.0;612992576.0
707.0;600157808.0
708.0;892774918.0
709.0;985820288.0
710.0;1553652736.0
711.0;383182336.0
712.0;964940674.484375
713.0;544346720.0
714.0;1339422720.0
715.0;333250584.0
716.0;1620560192.0
717.0;428470640.0
718.0;1070210672.75
719.0;399483648.0
720.0;550499712.0
721.0;323105335.0
722.0;1416546560.0
723.0;1342390576.0
724.0;1050601280.0
725.0;1498201264.0
726.0;840820108.0
727.0;730874944.0
728.0;436825368.625
729.0;390075043.0
730.0;973266372.125
731.0;263632224.0
732.0;1177287200.0
733.0;292696768.0
734.0;732071997.125
735.0;543732944.0
736.0;323970240.0
737.0;662729616.0
738.0;460785504.0
739.0;498473592.0
740.0;744125936.0
741.0;860721220.0
742.0;524419200.0
743.0;105519464.0
744.0;231509456.0
745.0;379382528.0
746.0;420852926.0
747.0;812027520.0
748.0;441973280.0
749.0;397645440.0
750.0;849197440.0
751.0;1450726912.0
752.0;559028912.0
753.0;237962984.0
754.0;314124453.75
755.0;326925376.0
756.0;361191145.75
757.0;423143072.0
758.0;1353268632.0
759.0;1056990912.0
760.0;172398992.0
761.0;488822614.0
762.0;478766848.0
763.0;479841408.0
764.0;359308888.0
765.0;361065792.0
766.0;277985600.0
767.0;340954112.0
768.0;228355500.0
769.0;220438938.0
770.0;291205846.5
771.0;391224272.0
772.0;281818092.0
773.0;386834573.0
774.0;304704084.0
775.0;838035520.0
776.0;296737792.0
777.0;1380296404.0
778.0;566202624.0
779.0;298213184.0
780.0;530715616.0
781.0;1016806080.0
782.0;1168423829.75
783.0;488880448.0
784.0;639944128.0
785.0;232611315.0
786.0;819312104.0
787.0;228423289.875
788.0;695793280.0
789.0;296401600.0
790.0;241473812.0
791.0;497066752.0
792.0;291251712.0
793.0;187969472.0
794.0;588863860.0
795.0;292392624.0
796.0;227575142.0
797.0;346521951.75
798.0;535604928.0
799.0;573973824.0
800.0;290068628.0
801.0;207017632.0
802.0;181709688.0
803.0;651469888.5
804.0;982366048.0
805.0;457892224.0
806.0;568956992.0
807.0;808238592.0
808.0;603605512.0
809.0;590140520.0
810.0;459984000.0
811.0;988797577.0
812.0;811837992.0
813.0;455333543.0
814.0;913707888.0
815.0;239317590.0
816.0;771912976.0
817.0;481161312.0
818.0;732942688.0
819.0;325969664.0
820.0;348721920.0
821.0;266833168.0
822.0;562718720.0
823.0;884841088.0
824.0;270200224.0
825.0;441522432.0
826.0;254618204.0
827.0;127608550.25
828.0;346436096.0
829.0;274588533.53125
830.0;540937600.0
831.0;268740816.0
832.0;802175632.0
833.0;592948501.0
834.0;343423157.25
835.0;859201792.0
836.0;240296912.0
837.0;423607104.0
838.0;194939696.0
839.0;345730272.0
840.0;342680928.0
841.0;629673584.0
842.0;566884768.0
843.0;540751104.0
844.0;1021086720.0
845.0;696550576.0
846.0;890489704.0
847.0;573132064.0
848.0;859161213.5
849.0;522422624.0
850.0;173870384.0
851.0;836817952.0
852.0;685856708.0
853.0;182563424.0
854.0;251064336.0
855.0;727398496.0
856.0;825718976.0
857.0;476901312.0
858.0;1336046848.0
859.0;467462560.0
860.0;1390748704.0
861.0;347865476.0
862.0;2359516029.0
863.0;1432053248.0
864.0;1516911888.0
865.0;712939552.0
866.0;713374994.0
867.0;906580224.0
868.0;651323456.0
869.0;672835072.0
870.0;989622784.0
871.0;836578416.0
872.0;1809190488.0
873.0;853790688.0
874.0;538590888.0
875.0;786964776.0
876.0;393049436.0
877.0;904760800.0
878.0;293072972.0
879.0;1372305164.0
880.0;731086844.0
881.0;843676488.0
882.0;576395252.0
883.0;469704300.0
884.0;933292224.0
885.0;785798912.0
886.0;738927936.0
887.0;817947136.0
888.0;230812384.0
889.0;278598988.0
890.0;261674077.125
891.0;2312354870.0
892.0;518152381.0
893.0;449918448.0
894.0;331394528.0
895.0;185841248.0
896.0;587641024.0
897.0;1261836288.0
898.0;1084292096.0
899.0;856738620.0
900.0;1081662898.0
901.0;385032320.0
902.0;857338048.0
903.0;673562320.0
904.0;1026167552.0
905.0;391350840.0
906.0;1111349695.3125
907.0;724884832.0
908.0;1372255552.0
909.0;716651660.0
910.0;1455292592.0
911.0;636860992.0
912.0;947609408.0
913.0;853419488.0
914.0;653686752.0
915.0;1227243520.0
916.0;465549232.0
917.0;1232349696.0
918.0;1150167568.0
919.0;378228016.5
920.0;716078512.0
921.0;936054528.0
922.0;682942912.0
923.0;753081104.0
924.0;1248827328.0
925.0;866265344.0
926.0;813357888.0
927.0;285280400.0
928.0;880026536.0
929.0;1688439424.0
930.0;430921856.0
931.0;679707376.0
932.0;1189326656.0
933.0;532211712.0
934.0;445897008.0
935.0;1221110016.0
936.0;867619136.0
937.0;360235280.0
938.0;1022852080.0
939.0;803369600.0
940.0;241079120.0
941.0;937887496.0
942.0;358690752.0
943.0;1091243100.0
944.0;499010504.0
945.0;502221840.0
946.0;718778032.0
947.0;507399224.0
948.0;296887054.0
949.0;294956139.40625
950.0;601163200.0
951.0;383604576.0
952.0;582284224.0
953.0;1538404297.75
954.0;681773670.375
955.0;869024152.0
956.0;289778496.0
957.0;957546176.0
958.0;874989248.0
959.0;437476512.0
960.0;1280622784.0
961.0;991867740.0
962.0;742094752.0
963.0;423992288.0
964.0;1221110656.0
965.0;946181176.75
966.0;1916530848.0
967.0;798624304.0
968.0;645172480.0
969.0;672054656.0
970.0;478769880.0
971.0;735311478.0
972.0;2320911872.0
973.0;1741944192.0
974.0;1085904760.0
975.0;1534182592.0
976.0;831991040.0
977.0;772726600.0
978.0;600244628.0
979.0;290545632.0
980.0;500108896.0
981.0;1847554688.0
982.0;1556116064.0
983.0;1479508224.0
984.0;672643484.0
985.0;2363126144.0
986.0;669894848.0
987.0;976219355.5
988.0;1240040576.0
989.0;633484608.0
990.0;1106733408.0
991.0;1104572288.0
992.0;1164158848.0
993.0;671023379.5
994.0;1134144256.0
995.0;1776976608.0
996.0;806953664.0
997.0;274901173.0
998.0;389231072.0
999.0;613420808.0
1000.0;1007521056.0
1001.0;893333776.0
1002.0;1535000576.0
1003.0;830290336.0
1004.0;1439655296.0
1005.0;592088566.5
1006.0;1673065824.0
1007.0;2414915264.0
1008.0;963260239.5
1009.0;1354951748.0
1010.0;465528448.0
1011.0;963940992.0
1012.0;323592956.0
1013.0;1546244272.0
1014.0;1619977216.0
1015.0;1104992766.5
1016.0;455601842.0
1017.0;1207550976.0
1018.0;589215922.0
1019.0;1604350592.0
1020.0;1894066464.0
1021.0;641367570.5
1022.0;1801313424.0
1023.0;1926444288.0
1024.0;1062543120.0
1025.0;1978868352.0
1026.0;1724804352.0
1027.0;2093179393.8686523
1028.0;956395600.0
1029.0;817381760.0
1030.0;1176905344.0
1031.0;667992872.0
1032.0;533703360.0
1033.0;2274154496.0
1034.0;294488416.0
1035.0;1248780851.0
1036.0;1381192256.0
1037.0;981106176.0
1038.0;783821176.0
1039.0;956140768.0
1040.0;651259537.5
1041.0;889106856.0
1042.0;973697488.0
1043.0;674645584.21875
1044.0;961375033.25
1045.0;1027120704.0
1046.0;551395200.0
1047.0;1753393414.0
1048.0;1655280777.0
1049.0;1213932544.0
1050.0;604895168.0
1051.0;2003306976.875
1052.0;589810368.0
1053.0;1495045504.0
1054.0;957996800.0
1055.0;1111813016.0
1056.0;1587909376.0
1057.0;3569981320.0
1058.0;834063904.0
1059.0;2341990068.0
1060.0;347389792.0
1061.0;1370006016.0
1062.0;1291310336.0
1063.0;815402130.8125
1064.0;908232608.0
1065.0;964024256.0
1066.0;275080000.0
1067.0;564763424.0
1068.0;778907072.0
1069.0;714075008.0
1070.0;1334696064.0
1071.0;558356864.0
1072.0;356391827.0
1073.0;1395028992.0
1074.0;814469760.0
1075.0;1900606912.0
1076.0;564519336.0
1077.0;2111521081.5625
1078.0;1076429328.0
1079.0;483136808.0
1080.0;907561024.0
1081.0;3502650230.0
1082.0;800642078.0
1083.0;1194714304.0
1084.0;1734449856.0
1085.0;5509864736.0
1086.0;4068767552.0
1087.0;3446152080.0
1088.0;3111668944.0
1089.0;3625410592.0
1090.0;2217389872.0
1091.0;4878638827.5
1092.0;1582091166.0
1093.0;3696994432.0
1094.0;1391153664.0
1095.0;3928280832.0
1096.0;1364245504.0
1097.0;392480096.0
1098.0;1815119616.0
1099.0;1961750836.0
1100.0;745878944.0
1101.0;2886130608.0
1102.0;1949096928.0
1103.0;2038103502.0
1104.0;2657165312.0
1105.0;989662542.0
1106.0;994039904.0
1107.0;457634128.0
1108.0;4244578180.0
1109.0;2983592896.0
1110.0;2055357440.0
1111.0;2785178368.0
1112.0;931861792.0
1113.0;1709952960.0
1114.0;5515169568.0
1115.0;513912040.0
1116.0;2185835305.625
1117.0;2428299380.0
1118.0;1127341211.5
1119.0;5391253520.0
1120.0;1476449664.0
1121.0;680384336.0
1122.0;4183147008.0
1123.0;1516619615.78125
1124.0;1370395776.0
1125.0;1770276096.0
1126.0;782151424.0
1127.0;890368384.0
1128.0;1842401792.0
1129.0;2654475264.0
1130.0;3707062980.5
1131.0;3818653152.0
1132.0;3377346816.0
1133.0;1036352896.0
1134.0;5241473936.0
1135.0;4175327232.0
1136.0;3319329864.0
1137.0;6784417408.0
1138.0;3150963200.0
1139.0;2791439360.0
1140.0;420951680.0
1141.0;378525536.0
1142.0;1596682880.0
1143.0;4745588736.0
1144.0;2095836480.0
1145.0;31183251176.0
1146.0;3879971584.0
1147.0;8913088160.0
1148.0;6943382336.0
1149.0;3734691672.0
1150.0;1445052102.5
1151.0;2027852992.0
1152.0;11059156847.0
1153.0;15350864802.0
1154.0;19407558288.0
1155.0;1174538856.0
1156.0;19322891136.0
1157.0;3037299433.0
1158.0;11797352256.0
1159.0;4685072000.0
1160.0;1975690484.0
1161.0;1688284544.0
1162.0;2007868864.0
1163.0;879293180.1953125
1164.0;645860734.0
1165.0;1006522934.0
1166.0;958668608.0
1167.0;1971221120.0
1168.0;1899629582.0
1169.0;1818521424.0
1170.0;2977737984.0
1171.0;1312917197.0
1172.0;928691748.5
1173.0;486354796.0
1174.0;1885868992.0
1175.0;1896030208.0
1176.0;714927352.0
1177.0;1332713216.0
1178.0;1379652992.0
1179.0;575676934.0
1180.0;1372879200.0
1181.0;1293488768.0
1182.0;1840354912.0
1183.0;208695920.0
1184.0;1676934005.0
1185.0;5185059968.0
1186.0;2276564898.125
1187.0;465350112.0
1188.0;2108186759.5
1189.0;3630900800.0
1190.0;2839540400.0
1191.0;2548069312.0
1192.0;3394886188.0
1193.0;212838514.875
1194.0;1641312128.0
1195.0;2858403840.0
1196.0;136472944.0
1197.0;6890520064.0
1198.0;2865473792.0
1199.0;4198118608.0
1200.0;2213739808.0
1201.0;2181964224.0
1202.0;1698629504.0
1203.0;1140171392.0
1204.0;4078570560.0
1205.0;1438684288.0
1206.0;721004160.0
1207.0;1420515840.0
1208.0;1191829424.5
1209.0;759812224.0
1210.0;1533542464.0
1211.0;1035725938.4375
1212.0;1683668704.0
1213.0;3178599840.0
1214.0;7300714802.0
1215.0;2013243185.5
1216.0;764087908.0
1217.0;2303576560.0
1218.0;5007657216.0
1219.0;3225713152.0
1220.0;934619016.0
1221.0;1859497344.0
1222.0;1434964848.0
1223.0;1646448664.0
1224.0;4706338064.0
1225.0;1618761376.0
1226.0;624584480.0
1227.0;986269376.0
1228.0;4603649280.0
1229.0;1083121320.0
1230.0;991870704.0
1231.0;962048778.375
1232.0;2367848104.0
1233.0;4804832768.0
1234.0;1089140096.0
1235.0;1763192941.1132812
1236.0;1373637888.0
1237.0;2194727680.0
1238.0;2261053184.0
1239.0;2472095570.0
1240.0;2664809344.0
1241.0;1430454400.0
1242.0;1317983414.0
1243.0;848568468.0
1244.0;1500257219.791504
1245.0;4069910937.3847656
1246.0;4980580816.0
1247.0;924802240.0
1248.0;2215662960.0
1249.0;8125426432.0
1250.0;1690092416.0
1251.0;1630110368.0
1252.0;4296218752.0
1253.0;1538052608.0
1254.0;1912639872.0
1255.0;738482880.0
1256.0;1597618240.0
1257.0;2203661730.0
1258.0;1853667216.0
1259.0;3197932480.0
1260.0;2863193664.0
1261.0;1772658560.0
1262.0;2081056480.0
1263.0;5527395072.0
1264.0;1821953536.0
1265.0;2306686208.0
1266.0;2021683666.8927002
1267.0;1336432960.0
1268.0;2613227800.0
1269.0;2194646896.0
1270.0;1270542912.0
1271.0;1701387832.0
1272.0;774119040.0
1273.0;1231171373.0
1274.0;5642595712.0
1275.0;644967808.0
1276.0;1503564327.0
1277.0;1586158080.0
1278.0;1612297400.0
1279.0;1721979008.0
1280.0;2359170968.0
1281.0;6728328920.0
1282.0;1362515840.0
1283.0;3098893312.0
1284.0;10075163648.0
1285.0;486356064.0
1286.0;402556416.0
1287.0;589007392.0
1288.0;403152494.0
1289.0;2987930368.0
1290.0;473530080.0
1291.0;7363685120.0
1292.0;377060524.0
1293.0;908388992.0
1294.0;728101536.0
1295.0;3400628480.0
1296.0;6466035392.0
1297.0;308824544.0
1298.0;3494391296.0
1299.0;848972600.0
1300.0;266496712.0
1301.0;659258710.3125
1302.0;353768384.0
1303.0;1172807296.0
1304.0;400821424.0
1305.0;996859648.0
1306.0;337351895.875
1307.0;1487604410.0
1308.0;1309934848.0
1309.0;3153121504.0
1310.0;861746032.0
1311.0;9833050852.0
1312.0;363215712.0
1313.0;1571970232.0
1314.0;619752296.0
1315.0;2014435266.0
1316.0;11606142264.0
1317.0;509764544.5
1318.0;8612281984.0
1319.0;5867770368.0
1320.0;395898368.0
1321.0;298451392.0
1322.0;361756640.0
1323.0;280435904.0
1324.0;959232576.0
1325.0;2456775112.0
1326.0;327685184.0
1327.0;448292264.0
1328.0;1676206656.0
1329.0;2389860064.0
1330.0;348325600.0
1331.0;301372688.5
1332.0;414587332.0
1333.0;277597432.0
1334.0;498444736.0
1335.0;873208882.734375
1336.0;3134808064.0
1337.0;432757792.0
1338.0;4566793824.0
1339.0;195678532.0
1340.0;1392452884.0
1341.0;465746304.0
1342.0;472434208.0
1343.0;298354248.0
1344.0;462033088.0
1345.0;559073035.0
1346.0;575323712.0
1347.0;167834400.0
1348.0;3892157024.0
1349.0;23560969440.0
1350.0;643790193.0
1351.0;816356032.0
1352.0;382387176.0
1353.0;1481288256.0
1354.0;251000805.0
1355.0;304789156.5
1356.0;421198400.0
1357.0;1569910880.0
1358.0;362294042.0
1359.0;866318992.0
1360.0;1460493568.0
1361.0;220958604.0
1362.0;1016912608.0
1363.0;204860160.0
1364.0;390818016.0
1365.0;1353212457.0
1366.0;910548512.0
1367.0;404165968.0
1368.0;1919951520.0
1369.0;1584259907.75
1370.0;3306940400.0
1371.0;3670680768.0
1372.0;1670247488.0
1373.0;824070942.0
1374.0;2122546240.0
1375.0;2651479712.0
1376.0;1628712768.0
1377.0;2111330304.0
1378.0;2183506560.0
1379.0;3312989376.0
1380.0;1578350432.0
1381.0;662155260.0
1382.0;3606639104.0
1383.0;1768492672.0
1384.0;1341127072.0
1385.0;1887241856.0
1386.0;2790481233.1875
1387.0;1950714880.0
1388.0;3365094400.0
1389.0;1726585216.0
1390.0;2079012800.0
1391.0;2199567157.9804688
1392.0;3494791936.0
1393.0;2720416512.0
1394.0;369196528.0
1395.0;1034652464.0
1396.0;2355856315.75
1397.0;2969901933.25
1398.0;3111916736.0
1399.0;2355442048.0
1400.0;1826862880.0
1401.0;2949689088.0
1402.0;3655344640.0
1403.0;2816117120.0
1404.0;2101992576.0
1405.0;3309160832.0
1406.0;1975498368.0
1407.0;2714364672.0
1408.0;1119608800.0
1409.0;669552768.0
1410.0;2575723264.0
1411.0;1653409168.0
1412.0;2799288480.0
1413.0;2414563168.0
1414.0;2674272896.0
1415.0;2660229280.0
1416.0;1815792704.0
1417.0;2586537216.0
1418.0;2589078272.0
1419.0;2512044928.0
1420.0;2056614493.375
1421.0;2010016512.0
1422.0;3457438976.0
1423.0;2951836416.0
1424.0;1779537536.0
1425.0;1629134336.0
1426.0;1505524785.5
1427.0;351110048.0
1428.0;3416392800.0
1429.0;2742543360.0
1430.0;813339264.0
1431.0;2719636992.0
1432.0;3016122944.0
1433.0;1870800128.0
1434.0;359827640.09856415
1435.0;1184037440.0
1436.0;1215512704.0
1437.0;1857995520.0
1438.0;1971339584.0
1439.0;533217728.0
1440.0;1442131968.0
1441.0;1712475696.0
1442.0;2299080304.0
1443.0;750206570.0
1444.0;3870144000.0
1445.0;1894912000.0
1446.0;3105718253.5
1447.0;2961385984.0
1448.0;2015785696.0
1449.0;2701014016.0
1450.0;1513325776.0
1451.0;558886032.0
1452.0;416247010.0
1453.0;649517184.0
1454.0;2492475288.75
1455.0;840129088.0
1456.0;1548197248.0
1457.0;2338596608.0
1458.0;1866208936.75
1459.0;1857176912.25
1460.0;646024008.0
1461.0;1348969888.0
1462.0;770944032.0
1463.0;2364181344.0
1464.0;2333962560.0
1465.0;1272976666.0
1466.0;925284215.5
1467.0;2165625600.0
1468.0;1389397792.0
1469.0;1350866122.0
1470.0;1276779264.0
1471.0;1666365344.0
1472.0;1012873312.0
1473.0;935831104.0
1474.0;739232752.0
1475.0;1125468320.0
1476.0;1007679288.5
1477.0;3009862912.0
1478.0;1132828096.0
1479.0;1505801440.0
1480.0;961221248.0
1481.0;693374720.0
1482.0;2781995264.0
1483.0;2480975856.0
1484.0;301626752.0
1485.0;3040535632.0
1486.0;1862149800.0
1487.0;842707328.0
1488.0;1584213248.0
1489.0;755128416.0
1490.0;1407901856.0
1491.0;1715166784.0
1492.0;1340700279.875
1493.0;532553728.0
1494.0;963789992.0
1495.0;2808050304.0
1496.0;2213884544.0
1497.0;1603703424.0
1498.0;1243978752.0
1499.0;2757046668.0
1500.0;1821556720.0
1501.0;836247040.0
1502.0;2149241728.0
1503.0;758357840.0
1504.0;1436755212.3828125
1505.0;855436416.0
1506.0;1531897856.0
1507.0;1285404288.0
1508.0;820233164.5
1509.0;1781942528.0
1510.0;1904096256.0
1511.0;2028801439.0
1512.0;1678237824.0
1513.0;726976064.0
1514.0;1104628568.0
1515.0;2014498720.0
1516.0;194103000.0
1517.0;1015605064.0
1518.0;1183564160.0
1519.0;1210359840.0
1520.0;2062362240.0
1521.0;286832843.53125
1522.0;1686660864.0
1523.0;964744115.5
1524.0;2716588296.0
1525.0;1947043856.0
1526.0;2470790240.0
1527.0;175642144.0
1528.0;1215969484.0
1529.0;1121637248.0
1530.0;2479287872.0
1531.0;1436313201.0
1532.0;858253632.0
1533.0;1656503581.0
1534.0;1937065216.0
1535.0;1362788480.0
1536.0;837403920.0
1537.0;1087755724.0
1538.0;1088451712.0
1539.0;3568098816.0
1540.0;2273656864.0
1541.0;1241947670.0
1542.0;2068517760.0
1543.0;1828433792.0
1544.0;1628472842.5
1545.0;1675175356.125
1546.0;825937728.0
1547.0;754489204.0
1548.0;784070400.0
1549.0;326708269.7705078
1550.0;4265039872.0
1551.0;705874752.0
1552.0;761561444.0
1553.0;1634752064.0
1554.0;1638900608.0
1555.0;2379396096.0
1556.0;3909509120.0
1557.0;1776441728.0
1558.0;1510046752.5
1559.0;3319037696.0
1560.0;3103410176.0
1561.0;1542446848.0
1562.0;520277068.0
1563.0;1780734912.0
1564.0;111623448.0
1565.0;14296067366.0
1566.0;6104012747.0
1567.0;4403849720.0
1568.0;2568601616.0
1569.0;2538169880.0
1570.0;3690554736.0
1571.0;4636335104.0
1572.0;2743055424.0
1573.0;4002909424.0
1574.0;961376176.0
1575.0;2041115104.0
1576.0;2660267544.0
1577.0;1705599369.0
1578.0;6381293632.0
1579.0;28125020992.0
1580.0;7115069510.0
1581.0;4805618744.0
1582.0;6597744944.0
1583.0;1281303008.0
1584.0;7246358528.0
1585.0;1587046700.5
1586.0;4876066176.0
1587.0;3418670128.0
1588.0;5772033056.0
1589.0;11209886358.5
1590.0;808218288.0
1591.0;22538040275.0625
1592.0;2153131483.9375
1593.0;8701432736.0
1594.0;5842290626.0
1595.0;6952792251.0
1596.0;13075196544.0
1597.0;2259420244.0
1598.0;7466349811.125
1599.0;2129938560.0
1600.0;5503473152.0
1601.0;1732059103.0
1602.0;4603917120.0
1603.0;9040525776.0
1604.0;1632872090.0
1605.0;9374542688.0
1606.0;1878984016.0
1607.0;1763399376.0
1608.0;5492794919.0
1609.0;13804958736.0
1610.0;1240961040.0
1611.0;2147294720.0
1612.0;2326308096.0
1613.0;3451669968.0
1614.0;2863094232.0
1615.0;1164271400.0
1616.0;1045477628.0
1617.0;4265150560.0
1618.0;1686538443.5
1619.0;914960860.0
1620.0;2100664544.0
1621.0;341679864.0
1622.0;671650526.5
1623.0;961190400.5
1624.0;682709888.0
1625.0;1066654080.0
1626.0;521134799.0
1627.0;789338576.0
1628.0;996454336.0
1629.0;1917101632.0
1630.0;1026529920.0
1631.0;263978144.0
1632.0;391075856.0
1633.0;387380888.0
1634.0;557367106.25
1635.0;656099520.0
1636.0;8561167168.0
1637.0;597685248.0
1638.0;397355966.75
1639.0;211624060.0
1640.0;220745808.0
1641.0;3779480416.0
1642.0;256304984.0
1643.0;1933019328.0
1644.0;1043381066.0
1645.0;183921296.0
1646.0;427577668.0
1647.0;283404968.0
1648.0;457802270.0
1649.0;780399232.0
1650.0;311172248.0
1651.0;610262720.0
1652.0;1037292160.0
1653.0;478196960.0
1654.0;596757312.0
1655.0;1847531728.0
1656.0;944254592.0
1657.0;406272352.0
1658.0;1155572256.0
1659.0;755466128.0
1660.0;504114048.0
1661.0;447578074.0
1662.0;447144192.0
1663.0;709728000.0
1664.0;579981760.0
1665.0;3838202112.0
1666.0;997964672.0
1667.0;722049280.0
1668.0;532871392.0
1669.0;514979488.0
1670.0;253631080.0
1671.0;995084626.4150391
1672.0;1523273728.0
1673.0;614794464.0
1674.0;1890334496.0
1675.0;901310056.0
1676.0;3451006976.0
1677.0;790691344.0
1678.0;891393920.0
1679.0;1200802568.0
1680.0;346240992.0
1681.0;482985556.0
1682.0;1350438560.0
1683.0;557076204.0
1684.0;325839720.0
1685.0;472422184.0
1686.0;419326090.0
1687.0;637966016.0
1688.0;369923872.0
1689.0;290242228.0
1690.0;315079282.0
1691.0;400338768.0
1692.0;318971200.0
1693.0;483634192.0
1694.0;493415080.0
1695.0;1639702080.0
1696.0;344245700.0
1697.0;249540154.0
1698.0;472000352.0
1699.0;520858816.0
1700.0;452532720.0
1701.0;2943584000.0
1702.0;763971584.0
1703.0;2435405024.0
1704.0;356114844.0
1705.0;354996704.0
1706.0;1050009600.0
1707.0;313128256.0
1708.0;761547904.0
1709.0;301590144.0
1710.0;148103044.0
1711.0;593146432.0
1712.0;885423936.0
1713.0;431839232.0
1714.0;2471833136.0
1715.0;3681716224.0
1716.0;1142687904.0
1717.0;19675152718.23047
1718.0;1194237520.0
1719.0;3566069745.0546875
1720.0;7116252128.0
1721.0;4371451264.0
1722.0;7418436744.0
1723.0;1239028976.0
1724.0;1827896573.875
1725.0;10808366735.125
1726.0;3322326459.0
1727.0;254933020.875
1728.0;5669245712.0
1729.0;9279623628.25
1730.0;243151040.0
1731.0;2133809264.0
1732.0;5289308860.0
1733.0;3829296192.0
1734.0;9355938112.0
1735.0;8987633408.0
1736.0;4334252992.0
1737.0;4774508672.0
1738.0;3243129728.0
1739.0;1838443066.609375
1740.0;2822983456.0
1741.0;2438693152.0
1742.0;1011271552.0
1743.0;3359673344.0
1744.0;848708420.0
1745.0;1076189696.0
1746.0;1796828080.0
1747.0;511087168.0
1748.0;998889811.3779297
1749.0;64297520.0
1750.0;1281938828.0
1751.0;744152776.0
1752.0;1041279621.75
1753.0;1763820416.0
1754.0;2024988425.5
1755.0;2770815616.0
1756.0;830391136.0
1757.0;925806848.0
1758.0;1065753907.0
1759.0;2034961792.0
1760.0;394922080.125
1761.0;1145848432.0
1762.0;1111488432.0
1763.0;11107752153.0
1764.0;3677373495.0
1765.0;4349914798.0
1766.0;6761222528.0
1767.0;878952736.0
1768.0;1439253567.5
1769.0;1899377916.9804688
1770.0;2684300608.0
1771.0;5262572240.0
1772.0;1960375840.0
1773.0;1590721840.0
1774.0;2164563184.0
1775.0;3134728544.0
1776.0;4399415968.0
1777.0;227984800.0
1778.0;1540894000.0
1779.0;3935956235.5
1780.0;3303880270.0
1781.0;6040762432.0
1782.0;1910126832.0
1783.0;11443887678.5
1784.0;1607840192.0
1785.0;4125757984.0
1786.0;2975792928.0
1787.0;5766256590.283203
1788.0;2060446368.0
1789.0;3306416504.0
1790.0;4387859328.0
1791.0;4113521057.0
1792.0;2740946144.0
1793.0;3271738288.0
1794.0;458720592.0
1795.0;2107983032.0
1796.0;4507336448.0
1797.0;83677976.0
1798.0;2998462464.0
1799.0;5769799647.5
1800.0;1870458304.0
1801.0;4183346148.0
1802.0;1590239744.0
1803.0;3781692032.0
1804.0;5208410312.5
1805.0;2631531216.0
1806.0;1863103904.0
1807.0;6595240704.0
1808.0;3257603213.25
1809.0;3724623808.0
1810.0;10102757632.0
1811.0;8668658080.0
1812.0;2676531120.0
1813.0;1160577664.0
1814.0;3192136000.0
1815.0;10096769792.0
1816.0;7081408680.0
1817.0;4602907808.0
1818.0;60210752.0
1819.0;6150646394.0
1820.0;1587119104.0
1821.0;2232890165.5
1822.0;1875305472.0
1823.0;1221820038.0
1824.0;1007234816.0
1825.0;25317446.0
1826.0;1357270224.0
1827.0;4909138227.0
1828.0;2480776912.0
1829.0;1747359296.0
1830.0;3038436848.0
1831.0;924120769.5
1832.0;4399888096.0
1833.0;3883780864.0
1834.0;1087836608.0
1835.0;157673616.0
1836.0;3024018048.0
1837.0;177320144.0
1838.0;797232256.0
1839.0;12438707552.0
1840.0;3947737600.0
1841.0;793213888.0
1842.0;2645107264.0
1843.0;1243352960.0
1844.0;695996329.0
1845.0;4774122752.0
1846.0;3531448400.0
1847.0;4926899456.0
1848.0;2041680951.0
1849.0;1790261804.0
1850.0;5730975968.0
1851.0;4878619376.0
1852.0;3489102720.0
1853.0;1800599216.0
1854.0;1947606734.875
1855.0;1766149888.0
1856.0;979775360.0
1857.0;1491028408.0
1858.0;1070745856.0
1859.0;1051886208.0
1860.0;2446894592.0
1861.0;2134070390.0
1862.0;1322887808.0
1863.0;3308202880.0
1864.0;2928848768.0
1865.0;3513548288.0
1866.0;3665583360.0
1867.0;3052055862.5
1868.0;2508414832.0
1869.0;1286263484.625
1870.0;2408327680.0
1871.0;915526480.0
1872.0;2270823984.0
1873.0;1746566336.0
1874.0;1438198592.0
1875.0;2858814248.0
1876.0;2593702784.0
1877.0;548431040.0
1878.0;1165281696.0
1879.0;1596262016.0
1880.0;3651490512.0
1881.0;3047334844.0
1882.0;2158822088.0
1883.0;1104478120.0
1884.0;2051978536.0
1885.0;2145746816.0
1886.0;979737952.0
1887.0;2451219136.0
1888.0;1150504416.0
1889.0;1336245984.0
1890.0;1611473920.0
1891.0;1901027472.0
1892.0;1308682880.0
1893.0;1456244224.0
1894.0;1717872640.0
1895.0;2222750208.0
1896.0;616254592.0
1897.0;2204880532.0
1898.0;2361869312.0
1899.0;1864922089.5
1900.0;2804833856.0
1901.0;1710492032.0
1902.0;1308508240.0
1903.0;1375405568.0
1904.0;2785837312.0
1905.0;2070608392.0
1906.0;2709371396.0
1907.0;2082864544.0
1908.0;2073725101.0
1909.0;1031765568.0
1910.0;1074383504.1113281
1911.0;1070875008.0
1912.0;2144883392.0
1913.0;3034237920.0
1914.0;2278371408.0
1915.0;1678619412.0
1916.0;1889398144.0
1917.0;1081012352.0
1918.0;2464305841.0
1919.0;2997981800.0
1920.0;1542268288.0
1921.0;686600668.0
1922.0;1737605504.0
1923.0;3089448560.0
1924.0;1635963936.0
1925.0;1613107584.0
1926.0;519738978.0
1927.0;3694180480.0
1928.0;669373632.0
1929.0;1479156224.0
1930.0;1778306386.0
1931.0;1078648448.0
1932.0;3037684743.0
1933.0;2108714368.0
1934.0;2358651136.0
1935.0;2296324168.0
1936.0;1880112591.75
1937.0;2517232512.0
1938.0;2649544768.0
1939.0;1083318400.0
1940.0;1404468384.0
1941.0;2115486304.0
1942.0;2249881816.0
1943.0;3149145856.0
1944.0;2124308256.0
1945.0;1706518656.0
1946.0;2039970151.0
1947.0;1045971840.0
1948.0;2890403192.0
1949.0;1974768448.0
1950.0;1134343808.0
1951.0;1610721696.0
1952.0;1215242880.0
1953.0;3729734912.0
1954.0;830474902.75
1955.0;1211476832.0
1956.0;1531575584.0
1957.0;820065168.0
1958.0;867014984.0
1959.0;1014187440.0
1960.0;1596716310.0
1961.0;1133404616.0
1962.0;951587712.0
1963.0;706760960.0
1964.0;2479629504.0
1965.0;840712576.0
1966.0;869088776.0
1967.0;1178319848.0
1968.0;522356176.0
1969.0;2848097458.0
1970.0;777530288.0
1971.0;1623740844.0
1972.0;335288736.0
1973.0;1000424736.0
1974.0;667923485.0
1975.0;2198747136.0
1976.0;551625392.0
1977.0;602655232.0
1978.0;2204732928.0
1979.0;629987600.0
1980.0;1385649568.0
1981.0;2658216448.0
1982.0;1154094060.0
1983.0;3491281824.0
1984.0;1621342902.75
1985.0;1406357632.0
1986.0;2642910536.0
1987.0;1686796288.0
1988.0;773434376.0
1989.0;945791576.0
1990.0;786227728.0
1991.0;991184964.0
1992.0;756760156.0
1993.0;1012127104.0
1994.0;252400065.5
1995.0;1115016534.0
1996.0;1183926908.0
1997.0;769352496.0
1998.0;1150207024.0
1999.0;1740615351.0
2000.0;1106628352.0
2001.0;1064145136.0
2002.0;255005808.0
2003.0;1972219904.0
2004.0;407875296.0
2005.0;372062272.0
2006.0;733503808.0
2007.0;1225466972.0
2008.0;706849344.0
2009.0;1136525340.0
2010.0;2191522280.0
2011.0;315730808.0
2012.0;884170112.0
2013.0;2364459792.0
2014.0;2323144400.0
2015.0;237273500.0
2016.0;1921340400.0
2017.0;1126891392.0
2018.0;1107904152.0
2019.0;1371344384.0
2020.0;393012928.0
2021.0;507170784.0
2022.0;1590351660.875
2023.0;405535584.0
2024.0;1699420672.0
2025.0;1968804320.0
2026.0;314128024.0
2027.0;1754048512.0
2028.0;338601312.0
2029.0;345661344.0
2030.0;740879744.0
2031.0;493159919.0
2032.0;956937856.0
2033.0;208667868.0
2034.0;1159423200.0
2035.0;291153232.0
2036.0;1914655720.0
2037.0;1686519552.0
2038.0;721049136.0
2039.0;1907840456.0
2040.0;1475173088.0
2041.0;288999648.0
2042.0;286060956.0
2043.0;1448227162.0
2044.0;222324138.0625
2045.0;1038609856.0
2046.0;2076121920.0
2047.0;1314096880.0
2048.0;631906912.0
2049.0;1696012288.0
2050.0;1563794675.7927246
2051.0;1116834016.0
2052.0;954022128.0
2053.0;2107007104.0
2054.0;1705057280.0
2055.0;515376032.0
2056.0;1237159744.0
2057.0;737976108.75
2058.0;260724928.0
2059.0;1271447104.0
2060.0;301666242.5
2061.0;1158788736.0
2062.0;1858720448.0
2063.0;219471108.0
2064.0;390638304.0
2065.0;1984037120.0
2066.0;1019600320.0
2067.0;1778382912.0
2068.0;622569038.0
2069.0;2437158400.0
2070.0;1615465600.0
2071.0;431891296.0
2072.0;220159936.0
2073.0;1547006080.0
2074.0;386373459.0
2075.0;1644494560.0
2076.0;1654227296.0
2077.0;520627344.0
2078.0;208402116.0
2079.0;1108350976.0
2080.0;1951044000.0
2081.0;351244192.0
2082.0;2445685696.0
2083.0;396091616.0
2084.0;326828432.0
2085.0;1470023640.125
2086.0;1537049104.0
2087.0;2029343616.0
2088.0;1997410724.0
2089.0;306248899.5
2090.0;169525936.0
2091.0;1887511936.0
2092.0;1023157426.0
2093.0;2725268288.0
2094.0;922808480.0
2095.0;378939872.0
2096.0;342247552.0
2097.0;278087584.0
2098.0;2070914880.0
2099.0;411318715.0
2100.0;3206612640.0
2101.0;1487242376.0
2102.0;677018320.0
2103.0;909863572.4726562
2104.0;2108754976.0
2105.0;1531917008.0
2106.0;752500896.0
2107.0;1783355664.0
2108.0;2682428320.0
2109.0;2474047744.0
2110.0;1140164288.0
2111.0;1447472320.0
2112.0;1397632512.0
2113.0;1672186144.0
2114.0;490373174.0
2115.0;1603494128.0
2116.0;2697264544.0
2117.0;702513504.0
2118.0;2210666240.0
2119.0;1577082988.0
2120.0;1363696960.0
2121.0;421567648.0
2122.0;1581435104.0
2123.0;1596133264.0
2124.0;345155084.25
2125.0;520898615.0
2126.0;428489056.0
2127.0;910447374.0
2128.0;1696925944.0
2129.0;2439813744.0
2130.0;397832136.0
2131.0;1099924650.9375
2132.0;1749335872.0
2133.0;903986371.5
2134.0;388215078.890625
2135.0;580040240.0
2136.0;3040595856.0
2137.0;6888711296.0
2138.0;2398385048.0
2139.0;1467679848.0
2140.0;1222263872.0
2141.0;1068222944.0
2142.0;9190538304.0
2143.0;1791656700.0
2144.0;1004943092.0
2145.0;950922496.0
2146.0;1690979072.0
2147.0;936104704.0
2148.0;1886567168.0
2149.0;1010432480.0
2150.0;1284275928.0
2151.0;1742561748.0
2152.0;1485567232.0
2153.0;1916597504.0
2154.0;5379415876.0
2155.0;1026788520.0
2156.0;1429836800.0
2157.0;1718482960.0
2158.0;4320186224.0
2159.0;1912132352.0
2160.0;2140512216.0
2161.0;6677319824.0
2162.0;1213308672.0
2163.0;1598337792.0
2164.0;1856283648.0
2165.0;2365895104.0
2166.0;1597659954.125
2167.0;1318250880.0
2168.0;341710400.0
2169.0;1180577116.0
2170.0;1210961472.0
2171.0;950920305.125
2172.0;258451445.25
2173.0;1193130870.0
2174.0;1446772608.0
2175.0;9636823456.0
2176.0;4118322816.0
2177.0;11662041728.0
2178.0;6509914430.0
2179.0;4579441216.0
2180.0;11914179408.375
2181.0;8322318400.0
2182.0;11712769280.0
2183.0;10458464464.0
2184.0;34307511920.0
2185.0;1151301312.0
2186.0;19408697728.0
2187.0;15639967120.0
2188.0;3367180800.0
2189.0;15149517586.5
2190.0;5430905600.0
2191.0;10568276576.0
2192.0;27423695072.0
2193.0;15613207552.0
2194.0;32290213632.0
2195.0;8443804352.0
2196.0;13105790155.75
2197.0;9457893464.0
2198.0;5396336971.0
2199.0;3463039424.0
2200.0;2402280088.0
2201.0;4023560704.0
2202.0;596942225.0
2203.0;8961908736.0
2204.0;7259479888.0
2205.0;8229812220.339844
2206.0;12341574986.21875
2207.0;7384987904.0
2208.0;3746473792.0
2209.0;5927815872.0
2210.0;3616836736.0
2211.0;1399903008.0
2212.0;2860107520.0
2213.0;2313812314.0
2214.0;1771246856.0
2215.0;4150961270.25
2216.0;2384521856.0
2217.0;2091263733.0
2218.0;3743189396.0
2219.0;2005573120.0
2220.0;2810748736.0
2221.0;3118576832.0
2222.0;1908963328.0
2223.0;1760362422.0
2224.0;4596160512.0
2225.0;2194731164.0
2226.0;2164156160.0
2227.0;5066343424.0
2228.0;4162914832.0
2229.0;1625292032.0
2230.0;3568545864.0
2231.0;1553193154.0
2232.0;1830215944.0
2233.0;680421440.0
2234.0;3922493174.0
2235.0;2829164132.0
2236.0;3140087424.0
2237.0;2193633593.0
2238.0;2113553664.0
2239.0;1895722368.0
2240.0;2066735128.0
2241.0;3827084360.0
2242.0;3119700416.0
2243.0;2591011744.0
2244.0;1516507616.0
2245.0;1907756032.0
2246.0;1553596416.0
2247.0;1095041368.0
2248.0;893900339.7382812
2249.0;819756848.0
2250.0;3706419520.0
2251.0;5492254496.0
2252.0;4880069888.0
2253.0;1997409024.0
2254.0;1667256496.0
2255.0;2970589784.0
2256.0;1611293568.0
2257.0;300360012.5
2258.0;929718960.0
2259.0;1357599546.0
2260.0;2325914680.0
2261.0;279100983.5
2262.0;2534116608.0
2263.0;5138017152.0
2264.0;3056495360.0
2265.0;1060022902.34375
2266.0;4434984448.0
2267.0;2173629568.0
2268.0;3120732544.0
2269.0;4348442624.0
2270.0;1165234198.9101562
2271.0;2834983168.0
2272.0;4435986184.0
2273.0;2745889120.0
2274.0;3281938464.0
2275.0;3995821056.0
2276.0;1623562880.0
2277.0;2083331772.0
2278.0;73892344.0
2279.0;761867966.0
2280.0;339033536.0
2281.0;1646678060.0
2282.0;1434549952.0
2283.0;1989912448.0
2284.0;4069566148.0
2285.0;1473878244.0
2286.0;2390050048.0
2287.0;1549693840.0
2288.0;2122408262.0
2289.0;2119443456.0
2290.0;5714822144.0
2291.0;1320140096.0
2292.0;4087676000.0
2293.0;1460459013.3984375
2294.0;2502796879.0
2295.0;3198247544.5
2296.0;2069155744.0
2297.0;4774461110.0
2298.0;1618838056.0
2299.0;1230305504.0
2300.0;2489330592.0
2301.0;2219383030.1484375
2302.0;3292976896.0
2303.0;2653175736.0
2304.0;4281327872.0
2305.0;3008589696.0
2306.0;1848284096.0
2307.0;2271933792.0
2308.0;3837643423.5
2309.0;2889633536.0
2310.0;3071656136.0
2311.0;2432073184.0
2312.0;2780270848.0
2313.0;1210874368.0
2314.0;2380563476.0
2315.0;1694922320.0
2316.0;1815973760.0
2317.0;1700208232.0
2318.0;2793467904.0
2319.0;3019868272.0
2320.0;3920855968.0
2321.0;2161645760.0
2322.0;2957081472.0
2323.0;1843031020.0
2324.0;2692669632.0
2325.0;2335867612.0
2326.0;2208035520.0
2327.0;4032010411.75
2328.0;2575028736.0
2329.0;835870976.0
2330.0;1481990810.25
2331.0;1545362048.0
2332.0;494288640.0
2333.0;650575410.0
2334.0;2073163776.0
2335.0;1056484544.0
2336.0;756207217.0019531
2337.0;2641816480.0
2338.0;855714624.0
2339.0;1014202480.0
2340.0;858858104.0
2341.0;232349004.0
2342.0;568971136.0
2343.0;3478227308.2929688
2344.0;3671207616.0
2345.0;322593628.0
2346.0;1051476160.0
2347.0;666277824.0
2348.0;3300824608.0
2349.0;234342622.5
2350.0;1154427904.0
2351.0;2463196824.0
2352.0;1031959264.0
2353.0;723146672.0
2354.0;1750925592.0
2355.0;2488786560.0
2356.0;295112624.0
2357.0;1722147072.0
2358.0;292471200.0
2359.0;3339900064.0
2360.0;675573620.0
2361.0;373955184.0
2362.0;1096439824.0
2363.0;2697588848.0
2364.0;861367978.0
2365.0;1515223204.0
2366.0;580578805.5
2367.0;297210608.0
2368.0;2697036032.0
2369.0;267231096.0
2370.0;2520438544.0
2371.0;311354752.0
2372.0;1803442144.0
2373.0;1243743616.0
2374.0;4985411842.0
2375.0;2098096832.0
2376.0;612041664.0
2377.0;520931848.0
2378.0;284483557.0
2379.0;2758779392.0
2380.0;5552879478.0
2381.0;3713097652.0
2382.0;689377358.0
2383.0;1387003712.0
2384.0;832563082.15625
2385.0;1079143768.0
2386.0;1911600832.0
2387.0;518514400.0
2388.0;2227089184.0
2389.0;2382207488.0
2390.0;299220260.0
2391.0;285940352.0
2392.0;739911104.0
2393.0;490412640.0
2394.0;2770580608.0
2395.0;1614021824.0
2396.0;1431589120.0
2397.0;1586572160.0
2398.0;1708044384.0
2399.0;2505095936.0
2400.0;1237308176.0
2401.0;2404674304.0
2402.0;981577200.0
2403.0;1890267712.0
2404.0;1742442240.0
2405.0;1245047311.0
2406.0;1057915968.0
2407.0;1937759072.0
2408.0;929559360.0
2409.0;2102952256.0
2410.0;1361163890.0
2411.0;233680452.0
2412.0;2862071040.0
2413.0;1773088531.5
2414.0;1352575872.0
2415.0;1136377216.0
2416.0;1916260800.0
2417.0;673255936.0
2418.0;1953620256.0
2419.0;2215038454.0
2420.0;1855252592.0
2421.0;762029376.0
2422.0;2131313408.0
2423.0;1192599680.0
2424.0;2040707520.0
2425.0;1600209440.0
2426.0;478934816.0
2427.0;2209670768.0
2428.0;1020585664.0
2429.0;2594768640.0
2430.0;2342060288.0
2431.0;1969161336.0
2432.0;970217493.25
2433.0;1908518656.0
2434.0;1577968448.0
2435.0;2620731776.0
2436.0;793323968.0
2437.0;2061921152.0
2438.0;1319106160.0
2439.0;915981496.0
2440.0;1567253492.0
2441.0;1935420256.0
2442.0;220856462.0
2443.0;995892995.0
2444.0;2034016064.0
2445.0;1232081722.75
2446.0;1837543168.0
2447.0;797779968.0
2448.0;1682538240.0
2449.0;2199015392.0
2450.0;952103328.0
2451.0;1604128224.0
2452.0;2153945088.0
2453.0;1270467904.0
2454.0;2079239416.0
2455.0;792177408.0
2456.0;3106914720.0
2457.0;1737155107.0
2458.0;508916192.0
2459.0;2551340160.0
2460.0;988947410.0
2461.0;1635674576.0
2462.0;1864736832.0
2463.0;641963536.0
2464.0;2383939296.0
2465.0;1515485696.0
2466.0;1362378528.0
2467.0;1604138240.0
2468.0;1063698373.1835938
2469.0;1935720954.7617188
2470.0;2773845248.0
2471.0;1282106080.0
2472.0;3038142944.0
2473.0;2003680384.0
2474.0;1127616527.0
2475.0;1890220608.0
2476.0;1546403915.6679688
2477.0;1586286496.0
2478.0;770637042.0
2479.0;346105143.0
2480.0;978736128.0
2481.0;1069669568.0
2482.0;1268509056.0
2483.0;1329374208.0
2484.0;995015360.0
2485.0;3298359040.0
2486.0;1155090432.0
2487.0;1381964928.0
2488.0;2027358720.0
2489.0;1870973756.0
2490.0;4133634040.0
2491.0;1086287280.0
2492.0;3462381824.0
2493.0;722975646.0
2494.0;1109515392.0
2495.0;974036460.0
2496.0;2240017020.0
2497.0;1395156144.0
2498.0;416110848.0
2499.0;1760198040.0
2500.0;2271505616.0
2501.0;865683200.0
2502.0;3039143680.0
2503.0;1735666096.0
2504.0;2365824971.0
2505.0;1119551724.0
2506.0;392936144.0
2507.0;2037014912.0
2508.0;2990060288.0
2509.0;3482062520.0
2510.0;1444841600.0
2511.0;3959393857.0
2512.0;975159024.0
2513.0;502883092.0
2514.0;1194508628.875
2515.0;1504018160.0
2516.0;1854111824.0
2517.0;891606528.0
2518.0;960115648.0
2519.0;1099329268.0
2520.0;837059515.0
2521.0;691409344.0
2522.0;652885808.0
2523.0;3880837632.0
2524.0;377256648.0
2525.0;1452583616.0
2526.0;4120169512.0
2527.0;613192152.0
2528.0;1601449792.0
2529.0;408034272.0
2530.0;1659402690.0
2531.0;1456327045.0
2532.0;1321034444.0
2533.0;757128356.0
2534.0;2165341312.0
2535.0;1281591752.0
2536.0;1376158109.25
2537.0;1026007806.0
2538.0;1929500608.0
2539.0;1656148060.625
2540.0;1040915748.0
2541.0;516080064.0
2542.0;2957556450.0
2543.0;314909236.0
2544.0;2151227136.0
2545.0;945092096.0
2546.0;1800750208.0
2547.0;178124544.0
2548.0;896047520.0
2549.0;485869104.0
2550.0;1568717352.0
2551.0;1857700324.0
2552.0;720313664.0
2553.0;1287404416.0
2554.0;865445336.0
2555.0;2555907872.0
2556.0;1643057328.0
2557.0;609937784.0
2558.0;4380501616.0
2559.0;1464911184.0
2560.0;440220140.0
2561.0;1905461958.0
2562.0;1078947400.0
2563.0;1836607944.0
2564.0;2118607592.0
2565.0;407035656.0
2566.0;514612658.0
2567.0;1070316864.0
2568.0;1580093095.0
2569.0;905239520.0
2570.0;2536779584.0
2571.0;1713972960.0
2572.0;573012288.0
2573.0;787346632.0
2574.0;521812304.0
2575.0;1728255648.0
2576.0;681109616.0
2577.0;2718333232.0
2578.0;2353394162.15625
2579.0;840633088.0
2580.0;1940454656.0
2581.0;906619616.0
2582.0;2206877968.0
2583.0;1053145630.0
2584.0;335281164.0
2585.0;656261184.0
2586.0;1049019872.0
2587.0;518270080.0
2588.0;911648832.0
2589.0;3844836648.0
2590.0;3902265120.0
2591.0;3464250496.0
2592.0;976301204.0
2593.0;467292230.0
2594.0;1500034864.625
2595.0;934967842.25
2596.0;2745223456.0
2597.0;751519196.0
2598.0;1444767552.0
2599.0;312028656.0
2600.0;817533648.0
2601.0;2012535168.0
2602.0;4301918400.0
2603.0;444995090.0
2604.0;2276408176.0
2605.0;1699422121.4375
2606.0;610194391.0
2607.0;1020548839.5625
2608.0;1737055504.0
2609.0;1453187072.0
2610.0;4370285980.0
2611.0;2019368516.0
2612.0;2266399752.0
2613.0;1262496768.0
2614.0;1104003936.0
2615.0;1382862206.0
2616.0;406977632.0
2617.0;1450077097.5
2618.0;1613001045.0
2619.0;1231848632.0
2620.0;1236187232.0
2621.0;999817360.0
2622.0;2653732544.0
2623.0;2894403184.0
2624.0;1184357120.0
2625.0;1885644800.0
2626.0;1123063808.0
2627.0;1238376192.0
2628.0;2232062208.0
2629.0;420816696.0
2630.0;898744352.0
2631.0;2293805248.0
2632.0;2240238672.0
2633.0;1265131152.0
2634.0;3458745964.0
2635.0;3869756232.0
2636.0;2007072576.0
2637.0;869614358.5
2638.0;3016200704.0
2639.0;1298441856.0
2640.0;390482958.0
2641.0;222156928.0
2642.0;212932318.0
2643.0;1243935408.0
2644.0;1733508960.0
2645.0;2265834752.0
2646.0;1141162960.0
2647.0;1677383552.0
2648.0;432151200.0
2649.0;1279784448.0
2650.0;2110724368.0
2651.0;1521179732.0
2652.0;2018643392.0
2653.0;1258485632.0
2654.0;659841728.0
2655.0;2103250096.0
2656.0;991922848.0
2657.0;439527504.0
2658.0;1863126400.0
2659.0;4048603801.0
2660.0;554003892.0
2661.0;900098109.25
2662.0;690444888.0
2663.0;3908104320.0
2664.0;2092602008.0
2665.0;4416947584.0
2666.0;1649821400.0
2667.0;584100884.625
2668.0;496335904.0
2669.0;937676608.0
2670.0;1242250192.0
2671.0;2090523328.0
2672.0;3205433597.875
2673.0;1750981504.0
2674.0;351460768.0
2675.0;3152433680.0
2676.0;4776594304.0
2677.0;657918656.0
2678.0;2557546009.0
2679.0;629111168.0
2680.0;730368984.0
2681.0;935227600.0
2682.0;1935114944.0
2683.0;3634425682.0
2684.0;1481470354.75
2685.0;1738858752.0
2686.0;795676748.0
2687.0;2120955904.0
2688.0;185080320.0
2689.0;767145135.125
2690.0;3450138880.0
2691.0;2469301920.0
2692.0;2600646360.0
2693.0;2515852105.875
2694.0;779944960.5
2695.0;1672850944.0
2696.0;1420517808.0
2697.0;445276096.0
2698.0;1160036576.0
2699.0;3450395904.0
2700.0;558550464.0
2701.0;3281678752.0
2702.0;410764704.0
2703.0;973898424.0
2704.0;1571543168.0
2705.0;936006746.0
2706.0;1267810596.0
2707.0;1777788292.0
2708.0;576968576.0
2709.0;1647105280.0
2710.0;1555126332.0
2711.0;1778891886.0
2712.0;231647084.0
2713.0;1195973242.0
2714.0;1299608364.0
2715.0;1406129384.0
2716.0;2427636961.375
2717.0;2957725440.0
2718.0;4302157614.5
2719.0;2135208256.0
2720.0;855871120.0
2721.0;2565245696.0
2722.0;3492626624.0
2723.0;2225236992.0
2724.0;1603992704.0
2725.0;3056299968.0
2726.0;1172608650.0
2727.0;491063496.0
2728.0;1340324794.0
2729.0;4765175116.0
2730.0;1456949376.0
2731.0;898128608.0
2732.0;539573632.0
2733.0;643514213.0
2734.0;299123488.0
2735.0;1581640832.0
2736.0;1376036416.0
2737.0;511302976.0
2738.0;1777220928.0
2739.0;2331103744.0
2740.0;364427152.0
2741.0;1460234664.0
2742.0;1037832208.0
2743.0;1431767040.0
2744.0;3083917264.0
2745.0;3853948290.0
2746.0;3069969330.0
2747.0;2578738483.625
2748.0;1733969840.0
2749.0;616214272.0
2750.0;5739616908.015625
2751.0;2664338086.0
2752.0;6254811144.0
2753.0;3905513712.0
2754.0;4212616350.0
2755.0;2749057772.0
2756.0;3568909600.0
2757.0;4225017744.0
2758.0;2228964800.0
2759.0;1458865008.0
2760.0;1812414000.0
2761.0;1572051064.0
2762.0;5760273411.4375
2763.0;3073485056.0
2764.0;3878978784.0
2765.0;6067136821.0
2766.0;3393558448.0
2767.0;5082932824.0
2768.0;4518982624.0
2769.0;4164895816.0
2770.0;3136619592.0
2771.0;1495511776.0
2772.0;1485615592.0
2773.0;3081779040.0
2774.0;3557585664.0
2775.0;3016689560.0
2776.0;2380124560.0
2777.0;3429586944.0
2778.0;2882760952.0
2779.0;260233622.0
2780.0;2317675968.0
2781.0;3232614560.0
2782.0;3395350738.375
2783.0;4503147776.0
2784.0;3355649615.6225586
2785.0;4261347200.0
2786.0;4914309120.0
2787.0;1475893472.0
2788.0;3563907424.0
2789.0;2262476736.0
2790.0;1597458240.0
2791.0;2186553440.0
2792.0;1379580672.0
2793.0;90559440.0
2794.0;4020816096.0
2795.0;2743717888.0
2796.0;3107886048.0
2797.0;1999757285.25
2798.0;2397236992.0
2799.0;2713596800.0
2800.0;2509874688.0
2801.0;2692743424.0
2802.0;2054519831.0
2803.0;2371360000.0
2804.0;2176214272.0
2805.0;886694528.0
2806.0;2087345984.0
2807.0;1906704768.0
2808.0;595700544.0
2809.0;1568482176.0
2810.0;1382292845.8125
2811.0;1351613824.0
2812.0;1641095384.0
2813.0;2258550528.0
2814.0;1060705280.0
2815.0;1759604572.0
2816.0;2292518583.5
2817.0;1777415424.0
2818.0;1378484288.0
2819.0;2959352592.0
2820.0;1704375040.0
2821.0;1899707904.0
2822.0;1108440064.0
2823.0;1183129016.0
2824.0;2156766221.466797
2825.0;764718720.0
2826.0;1245635552.0
2827.0;3493055640.0
2828.0;1801650632.0
2829.0;865932992.0
2830.0;1749275136.0
2831.0;1994770816.0
2832.0;1191977088.0
2833.0;710300768.0
2834.0;1458326363.0
2835.0;756398080.0
2836.0;1153510656.0
2837.0;596070400.0
2838.0;1915455200.0
2839.0;1677064560.0
2840.0;2229628432.0
2841.0;1973286600.0
2842.0;1454886144.0
2843.0;462032552.0
2844.0;2578096896.0
2845.0;555103920.0
2846.0;1684685624.0
2847.0;2380328850.0
2848.0;1031512128.0
2849.0;457151976.0
2850.0;753857384.0
2851.0;1396328960.0
2852.0;1330865792.0
2853.0;1400445344.0
2854.0;2507734208.0
2855.0;4005101584.0
2856.0;1125593152.0
2857.0;1521930752.0
2858.0;1203259392.0
2859.0;1323416924.5
2860.0;1437484288.0
2861.0;1240742976.0
2862.0;777926416.0
2863.0;1152648726.0
2864.0;2626989560.0
2865.0;3506082944.0
2866.0;1870336640.0
2867.0;2427349584.0
2868.0;2279525824.0
2869.0;2124930240.0
2870.0;2270570064.0
2871.0;1805431104.0
2872.0;1192896376.0
2873.0;1263158464.0
2874.0;2292605696.0
2875.0;2474964416.0
2876.0;974291136.0
2877.0;2283650400.0
2878.0;852116041.0
2879.0;1891286720.0
2880.0;2051073152.0
2881.0;540156352.0
2882.0;46612444.0
2883.0;39843074.375
2884.0;22241220.0
2885.0;49859084.0
2886.0;1301048832.0
2887.0;25019094.0
2888.0;19801924.0
2889.0;157298160.0
2890.0;20223715.0625
2891.0;25275712.0
2892.0;9546997.0
2893.0;26121006.0
2894.0;33340070.0
2895.0;29489362.0
2896.0;151973664.0
2897.0;43992912.0
2898.0;29888900.0
2899.0;9522365.0
2900.0;191850288.0
2901.0;28593698.0
2902.0;9896276.0
2903.0;42033708.0
2904.0;241917184.0
2905.0;126042696.0
2906.0;34274538.75
2907.0;80019584.0
2908.0;64640952.0
2909.0;76990928.0
2910.0;37846964.0
2911.0;182140928.0
2912.0;122673112.0
2913.0;44073180.0
2914.0;66460456.0
2915.0;1525051416.0
2916.0;946230018.0
2917.0;50891322.0
2918.0;41962784.0
2919.0;28379698.0
2920.0;1216883712.0
2921.0;1617882228.0
2922.0;1401434296.0
2923.0;14808563392.0
2924.0;12960846816.0
2925.0;3241905024.0
2926.0;2326019776.0
2927.0;8351720448.0
2928.0;1841912358.0
2929.0;12817574784.0
2930.0;1087222656.0
2931.0;1370586624.0
2932.0;2194483910.0
2933.0;14857540992.0
2934.0;1159183744.0
2935.0;13728869888.0
2936.0;14996302240.0
2937.0;2504648832.0
2938.0;9067991672.0
2939.0;6363006928.0
2940.0;17967614243.75
2941.0;2648337440.0
2942.0;7064909952.0
2943.0;24525252820.0
2944.0;6963830176.0
2945.0;9696171941.84375
2946.0;10321846656.0
2947.0;1038609600.0
2948.0;11734115840.0
2949.0;12947738624.0
2950.0;15029517056.0
2951.0;4930569920.0
2952.0;14599023936.0
2953.0;4423838590.0
2954.0;2061002624.0
2955.0;1183689273.7456055
2956.0;15116602656.0
2957.0;1240015873.0625
2958.0;14246743584.0
2959.0;1392131104.0
2960.0;1181283864.0
2961.0;2425147392.0
2962.0;2619686912.0
2963.0;339364408.0
2964.0;1337828992.0
2965.0;1452227796.0
2966.0;1812859894.75
2967.0;1574956396.0
2968.0;3596544832.0
2969.0;1716256000.0
2970.0;2136557008.0
2971.0;5113068920.0
2972.0;3064894784.0
2973.0;336832888.0
2974.0;2839101712.0
2975.0;1641245568.0
2976.0;2131368064.0
2977.0;581225280.0
2978.0;4581072768.0
2979.0;1778894464.0
2980.0;2080251008.0
2981.0;2117835776.0
2982.0;2820215532.0
2983.0;1308600320.0
2984.0;1215101344.0
2985.0;1855562963.8613281
2986.0;2201021568.0
2987.0;1450813568.0
2988.0;1980045888.0
2989.0;1451741056.0
2990.0;2117417344.0
2991.0;1072803084.0
2992.0;3354415792.0
2993.0;383232172.0
2994.0;3390438996.0
2995.0;651171968.0
2996.0;5307698368.0
2997.0;2853406848.0
2998.0;1627978752.0
2999.0;3199872896.0
3000.0;5519187152.0
3001.0;2296387623.0
3002.0;2325227264.0
3003.0;1860816128.0
3004.0;701741504.0
3005.0;2163684880.0
3006.0;1232055712.0
3007.0;1655345300.0
3008.0;2393715936.0
3009.0;3117349632.0
3010.0;1679508896.0
3011.0;1178665216.0
3012.0;1639774112.0
3013.0;2714488956.0
3014.0;1940904957.25
3015.0;4035231936.0
3016.0;1773542784.0
3017.0;5552923904.0
3018.0;702304272.75
3019.0;1665763579.296875
3020.0;2681423104.0
3021.0;312574254.0
3022.0;2185433088.0
3023.0;2684924752.0
3024.0;1254508600.0
3025.0;1559411232.0
3026.0;1648323904.0
3027.0;1120161980.0
3028.0;1455131059.0
3029.0;4737404918.0
3030.0;1563711200.0
3031.0;1457567744.0
3032.0;2003362560.0
3033.0;871892888.0
3034.0;3947945984.0
3035.0;1897009664.0
3036.0;671808896.0
3037.0;719963904.0
3038.0;1605954176.0
3039.0;3074920816.0
3040.0;3112194048.0
3041.0;794249744.0
3042.0;2322971072.0
3043.0;430163008.0
3044.0;527089200.0
3045.0;1178983968.0
3046.0;621822912.0
3047.0;2986576456.0
3048.0;3356139482.1875
3049.0;866911232.0
3050.0;3590146576.0
3051.0;5284126912.0
3052.0;1191659822.4375
3053.0;1603554432.0
3054.0;479772922.0
3055.0;2314795320.0
3056.0;3093429349.5625
3057.0;4664026176.0
3058.0;990492336.0
3059.0;374500832.0
3060.0;459171680.0
3061.0;969516800.0
3062.0;2252976128.0
3063.0;1784687040.0
3064.0;5097831008.0
3065.0;459706144.0
3066.0;1494774656.0
3067.0;651004288.0
3068.0;3018831616.0
3069.0;1145137728.0
3070.0;1850412120.0
3071.0;4875219456.0
3072.0;2330449920.0
3073.0;811028256.0
3074.0;3082930176.0
3075.0;1477886058.0
3076.0;1768585536.0
3077.0;3721201280.0
3078.0;744021120.0
3079.0;2715558160.0
3080.0;665167296.0
3081.0;1135280166.0
3082.0;1838385408.0
3083.0;1451024680.0
3084.0;595900480.0
3085.0;2083665920.0
3086.0;6070500376.0
3087.0;3233000216.0
3088.0;5402304448.0
3089.0;11021159328.0
3090.0;4423823488.0
3091.0;4978686976.0
3092.0;11092051520.0
3093.0;1978634528.0
3094.0;2139598384.0
3095.0;5373097152.0
3096.0;2512357152.0
3097.0;8753165424.8125
3098.0;4206063360.0
3099.0;2346400064.0
3100.0;14805213728.0
3101.0;1857400832.0
3102.0;4007702400.0
3103.0;9468954096.0
3104.0;4873590944.0
3105.0;14574650464.0
3106.0;2829646040.0
3107.0;2005139600.0
3108.0;2799729152.0
