"FIPS","MS_ID"
21141,1030
36081,1835
34017,1749
34019,1750
21147,1033
21195,1057
21127,1023
36009,1799
22109,1134
22031,1095
12121,352
22071,1115
22117,1138
22065,1112
12007,295
22035,1097
36111,1850
22037,1098
24019,1168
24001,1160
24015,1166
24013,1165
24029,1173
25011,1189
1121,61
1109,55
26099,1247
26029,1212
1115,58
1063,32
1035,18
26071,1233
27011,1286
27027,1294
27119,1340
27077,1319
27075,1318
27173,1367
28021,1378
28009,1372
29113,1506
30081,1605
30085,1607
30005,1567
31061,1651
31103,1672
32033,1729
33007,1734
34033,1757
35017,1771
35007,1766
35055,1791
35039,1783
37019,1866
37119,1916
37137,1925
37049,1881
37141,1927
37029,1871
37053,1883
37121,1917
37175,1944
38085,1999
38105,2009
40089,2142
40065,2130
40113,2154
41007,2178
1097,49
1053,27
1023,12
1113,57
1107,54
1049,25
4012,74
5091,128
5107,136
5041,103
6025,170
6087,201
6097,206
6045,180
6023,169
6057,186
8023,228
9007,283
10003,289
10001,288
12037,309
12123,353
12057,319
12109,346
17197,660
12033,307
12129,356
12079,330
12031,306
13127,421
13039,378
13143,429
13245,479
17125,624
16049,542
16079,557
17041,582
18089,708
19111,811
19045,778
19131,821
34001,1741
20091,900
37193,1953
37065,1889
37167,1940
37057,1885
37159,1936
37087,1900
37163,1938
37107,1910
37085,1899
37173,1943
37091,1902
38037,1975
39047,2033
40145,2170
40039,2117
41003,2176
42003,2212
42091,2256
42031,2226
42005,2213
42023,2222
45035,2300
45071,2318
45089,2327
45027,2296
46115,2385
46075,2365
46071,2363
47185,2487
47029,2409
47089,2439
47003,2396
47049,2419
48005,2492
48225,2602
48373,2676
48473,2726
48441,2710
48055,2517
42055,2238
42071,2246
42125,2273
42089,2255
44005,2280
45013,2289
45051,2308
45083,2324
45045,2305
45073,2319
45025,2295
47123,2456
47009,2399
48355,2667
48273,2626
48489,2734
48377,2678
48465,2722
48321,2650
48037,2508
49005,2746
49043,2765
50017,2781
51105,2838
51141,2854
51191,2877
51095,2833
51159,2862
51181,2873
51165,2865
53055,2947
53031,2935
53015,2927
53053,2946
53061,2950
53019,2929
54059,2988
54063,2990
54103,3010
55075,3051
55003,3015
55051,3039
4009,72
5039,102
5045,105
5095,130
5019,92
5025,95
5099,132
6107,211
6069,192
6009,162
6103,209
8013,222
8059,246
8035,234
8117,275
8093,263
12069,325
12133,358
13185,450
13179,447
13321,517
13009,363
13121,418
13261,487
13079,397
13107,411
13319,516
13075,395
13019,368
13237,475
13309,511
13201,458
16029,532
16085,560
18067,697
18169,748
19069,790
20205,957
20149,929
20145,927
21151,1035
21125,1022
21107,1013
21155,1037
21071,995
21115,1017
21049,984
21131,1025
21069,994
21079,999
22043,1101
22005,1082
22127,1143
22099,1129
22013,1086
22083,1121
24027,1172
25015,1191
26129,1262
26135,1265
27139,1350
27129,1345
28137,1436
28051,1393
28105,1420
29085,1492
29157,1528
29039,1469
29195,1546
30039,1584
30023,1576
30093,1611
31093,1667
31115,1678
31005,1623
32001,1714
35043,1785
35021,1773
31171,1706
6089,202
10005,290
12071,326
12103,343
12075,328
12086,334
12009,296
12045,313
12029,305
17043,583
17035,579
12089,336
17017,570
13027,372
17161,642
1089,45
1071,36
4027,82
4001,68
4005,70
5131,148
5133,149
4025,81
5015,90
5139,152
5093,129
5121,143
6073,194
6059,187
6053,184
6027,171
6001,158
6051,183
6015,165
8067,250
8123,278
8107,270
9011,285
8033,233
29189,1545
30003,1566
30083,1606
30071,1600
30051,1590
30035,1582
30105,1617
30057,1593
30029,1579
31049,1645
32003,1715
33009,1735
36031,1810
36115,1852
37031,1872
37113,1913
37039,1876
37055,1884
37013,1863
37171,1942
37139,1926
37177,1945
37115,1914
37155,1934
37009,1861
38017,1965
38035,1974
38067,1990
39161,2090
39123,2071
40013,2104
40057,2126
41019,2184
41045,2197
41065,2207
41001,2175
41049,2199
42133,2277
42101,2261
42111,2266
45019,2292
45003,2284
45021,2293
46127,2391
47065,2427
47111,2450
13105,410
17129,626
13313,513
17039,581
48001,2490
48475,2727
48053,2516
48073,2526
48241,2610
48411,2695
48051,2515
48235,2607
48119,2549
48407,2693
48161,2570
48155,2567
48435,2707
49049,2768
49051,2769
49029,2758
49015,2751
49013,2750
51157,2861
51087,2829
51630,2894
51085,2828
51125,2847
51139,2853
51179,2872
51003,2788
51530,2884
53021,2930
54083,3000
54087,3002
48245,2612
48277,2628
49047,2767
50009,2777
51001,2787
51193,2878
51119,2845
51185,2875
51069,2820
51107,2839
51153,2859
51059,2815
51195,2879
51057,2814
53073,2956
53067,2953
53071,2955
53045,2942
53029,2934
54099,3008
54047,2982
54107,3012
54037,2977
54071,2994
54075,2996
55043,3035
55009,3018
55037,3032
56041,3106
56003,3087
4021,79
4007,71
5011,88
5073,119
5103,134
5085,125
5057,111
5109,137
6007,161
6067,191
6063,189
6105,210
6011,163
6047,181
6101,208
8005,218
8043,238
8109,271
8029,231
8057,245
8091,262
8111,272
16069,552
16041,538
16083,559
16033,534
16073,554
17003,563
17185,654
18129,728
18019,673
18111,719
18147,737
18123,725
20033,871
19163,837
34007,1744
34025,1753
34039,1760
34013,1747
20175,942
36053,1821
36017,1803
36005,1797
36065,1827
34027,1754
34041,1761
34031,1756
36013,1801
36119,1854
36077,1833
36105,1847
21059,989
21139,1029
34035,1758
36091,1840
21135,1027
36067,1828
22087,1123
22051,1105
22017,1088
12083,332
22019,1089
23013,1150
12023,303
23003,1145
23017,1152
12117,350
24039,1178
24017,1167
24045,1181
24047,1182
24043,1180
24021,1169
24005,1162
24031,1174
24033,1175
24011,1164
25023,1195
25001,1184
1073,37
1009,5
26089,1242
1095,48
1087,44
26047,1221
1101,51
26141,1268
1085,43
26153,1274
1091,46
1001,1
27137,1349
27031,1296
27089,1325
28113,1424
28055,1395
28095,1415
28093,1414
29023,1461
19087,799
19117,814
19127,819
19009,760
20123,916
20053,881
20135,922
21123,1021
21067,993
21209,1064
21029,974
21017,968
21013,966
21217,1068
21179,1049
21033,976
21099,1009
21097,1008
21167,1043
21109,1014
21121,1020
21043,981
21229,1074
21027,973
21189,1054
22045,1102
47147,2468
47025,2407
47155,2472
47073,2431
47051,2420
48071,2525
48061,2520
48215,2597
48007,2493
48409,2694
48323,2651
48039,2509
48141,2560
48067,2523
48387,2683
48205,2592
46125,2390
46055,2355
47149,2469
47031,2410
47053,2421
47059,2424
47063,2426
47119,2454
47035,2412
47037,2413
47173,2481
47041,2415
47175,2482
47033,2411
47135,2462
47121,2455
48453,2716
48029,2504
48471,2725
48185,2582
48349,2664
48491,2735
48401,2690
48499,2739
48459,2719
48223,2601
48481,2730
48469,2724
48467,2723
48103,2541
48089,2534
48115,2547
48371,2675
48395,2687
48127,2553
48333,2656
48171,2575
48237,2608
48383,2681
48269,2624
22015,1087
22055,1107
22097,1128
22073,1116
22001,1080
22039,1099
22021,1090
22081,1120
22041,1100
26095,1245
27013,1287
27021,1291
27103,1332
27121,1341
27061,1311
27023,1292
28121,1428
28069,1402
28029,1382
28089,1412
28007,1371
28043,1389
29019,1459
29049,1474
29041,1470
30063,1596
30013,1571
30043,1586
30049,1589
30045,1587
30015,1572
30055,1592
30073,1601
31183,1712
31159,1700
31091,1666
32015,1721
35051,1789
35011,1768
8053,243
37183,1948
37147,1930
37023,1868
38003,1958
12097,340
12013,298
12093,338
12041,311
13135,425
13033,375
13209,461
13271,492
13113,414
13139,427
13153,434
13189,452
13151,433
13013,365
13021,369
13029,373
13233,473
13279,496
13163,439
13269,491
13263,488
13025,371
16039,537
16063,549
16037,536
16043,539
16003,519
18157,742
18027,677
18013,670
42063,2242
42035,2228
42033,2227
42067,2244
45015,2290
45055,2310
45085,2325
45075,2320
45087,2326
45031,2298
45061,2313
45005,2285
12107,345
22029,1094
22107,1133
22111,1135
22123,1141
22103,1131
23015,1151
12001,292
24037,1177
24041,1179
25005,1186
1043,22
1051,26
1055,28
26055,1225
1047,24
27167,1364
27071,1316
27069,1315
1025,13
28109,1422
28149,1442
28033,1384
29095,1497
29201,1549
29037,1468
30041,1585
30009,1569
33015,1738
35045,1786
35029,1778
51171,2868
51187,2876
51161,2863
51007,2790
51081,2826
51031,2802
51111,2841
54081,2999
54067,2992
54007,2962
55001,3014
38031,1972
38059,1986
39149,2084
39069,2044
39073,2046
40075,2135
40143,2169
40151,2173
40117,2156
40077,2136
41033,2191
41061,2205
41031,2190
42099,2260
42051,2236
39095,2057
37047,1880
37043,1878
37133,1923
37131,1922
38099,2006
39061,2040
39167,2093
39035,2027
40095,2145
40135,2165
41051,2200
42059,2240
42095,2258
42127,2274
45053,2309
45069,2317
47165,2477
47013,2401
48261,2620
48479,2729
48167,2573
48361,2670
49033,2760
51143,2855
51117,2844
51035,2804
51051,2812
51199,2881
51103,2837
53057,2948
53011,2925
53005,2922
53047,2943
54003,2960
5063,114
5147,156
5029,97
5097,131
5013,89
6039,177
6077,196
6021,168
49011,2749
51093,2832
51127,2848
51029,2801
51121,2846
51015,2794
51047,2810
51147,2857
51175,2870
51009,2791
51063,2817
51113,2842
51137,2852
51036,2805
51097,2834
51678,2899
53025,2932
53043,2941
54093,3005
54025,2971
54005,2961
54039,2978
54045,2981
54049,2983
54085,3001
54001,2959
54041,2979
55111,3070
55057,3042
55077,3052
56035,3103
1003,2
1005,3
5081,123
6037,176
6079,197
6003,159
6061,188
8077,255
9001,280
11001,291
12099,341
17097,610
12131,357
12039,310
17121,622
13215,464
13251,482
13241,477
13049,382
17153,638
19189,850
34023,1752
20025,867
36075,1832
36071,1830
36025,1807
21111,1015
22057,1108
22119,1139
18007,667
8031,232
8015,224
8065,249
12055,318
12077,329
13067,391
13317,515
13311,512
13267,490
13283,498
13305,509
13123,419
13219,466
16025,530
16077,556
18175,751
18069,698
18125,726
19141,826
20161,935
20069,889
20093,901
21031,975
21003,961
21011,965
21205,1062
21203,1061
22047,1103
22079,1119
22077,1118
22091,1125
23021,1154
23007,1147
26113,1254
28163,1449
28161,1448
29027,1463
29057,1478
29033,1466
29029,1464
30077,1603
30027,1578
30087,1608
31035,1638
37027,1870
37127,1920
37101,1907
37021,1867
37153,1933
37111,1912
37199,1956
38005,1959
38055,1984
39091,2055
41017,2183
42027,2224
42029,2225
42075,2248
42097,2259
45079,2322
45077,2321
45067,2316
46103,2380
46023,2339
47081,2435
47057,2423
47159,2474
47145,2467
47091,2440
47019,2404
48343,2661
48035,2507
48175,2577
48461,2720
48449,2714
48353,2666
48327,2653
48447,2713
48301,2640
49017,2752
49007,2747
49001,2744
38071,1992
38053,1983
40027,2111
40087,2141
40137,2166
40125,2160
13249,481
17047,585
12065,323
13191,453
13051,383
13103,409
5021,93
6071,193
6081,198
6017,166
8071,252
8095,264
32031,1728
37095,1904
37149,1931
38079,1996
40141,2168
40023,2109
42045,2233
45029,2297
45043,2304
47069,2429
47079,2434
16081,558
16007,521
18083,705
26003,1199
1099,50
28151,1443
29183,1541
35031,1779
39043,2031
42017,2219
48427,2703
53009,2924
5037,101
8001,216
13315,514
16015,525
20057,883
21193,1056
22115,1137
22025,1092
31001,1621
37017,1865
41047,2198
42041,2231
47093,2441
48339,2659
48289,2634
48063,2521
51109,2840
51017,2795
9003,281
4015,76
5017,91
6041,178
30001,1565
37129,1921
41043,2196
41023,2186
51167,2866
51019,2796
51067,2819
51053,2813
51145,2856
51075,2823
53037,2938
54033,2975
54043,2980
1069,35
5003,84
6085,200
8083,258
12101,342
13181,448
34015,1748
36103,1846
36045,1817
36113,1851
23031,1159
24003,1161
28157,1446
30089,1609
37015,1864
40067,2131
42103,2262
44009,2282
46123,2389
47151,2470
48389,2684
36059,1824
36061,1825
36047,1818
21007,963
34011,1746
22101,1130
22011,1085
12119,351
22125,1142
23005,1146
23027,1157
23025,1156
6091,203
25025,1196
25027,1197
1117,59
26041,1218
26083,1239
26163,1279
26063,1229
26109,1252
27163,1362
28001,1368
28087,1411
28143,1439
29013,1456
29069,1484
29099,1499
19041,776
20097,903
21065,992
21197,1058
21153,1036
21119,1019
21231,1075
21183,1051
21025,972
22033,1096
48443,2711
48229,2604
49037,2762
49003,2745
50027,2786
51131,2849
53049,2944
53075,2957
54057,2987
54027,2972
54023,2970
55121,3075
55023,3025
55007,3017
5145,155
6113,214
6055,185
6099,207
6109,212
6043,179
8037,235
8019,226
13157,436
13089,402
13291,502
13031,374
13007,362
16005,520
16061,548
16013,524
18023,675
18071,699
45017,2291
46093,2374
46137,2394
47189,2489
47045,2417
47127,2458
48207,2593
48041,2510
48025,2502
48329,2654
48239,2609
48287,2633
48405,2692
48023,2501
48105,2542
27145,1353
27041,1301
27097,1329
28083,1409
29063,1481
29197,1547
31185,1713
31069,1655
37099,1906
37083,1898
36069,1829
12095,339
12017,300
5007,86
6093,204
9009,284
30061,1595
30031,1580
37161,1937
38097,2005
41015,2182
41035,2192
45065,2315
17155,639
21101,1010
21159,1039
21095,1007
22075,1117
22105,1132
24035,1176
25017,1192
26013,1204
1131,66
29143,1521
19107,809
21175,1047
21055,987
47183,2486
48057,2518
48315,2647
51073,2822
51027,2800
54065,2991
55011,3019
5069,117
8055,244
8097,265
13229,471
13265,489
16031,533
18051,689
42113,2267
45047,2306
47187,2488
47005,2397
47129,2459
48139,2559
48227,2603
22059,1109
27127,1344
28053,1394
30033,1581
37123,1918
38083,1998
51041,2807
51163,2864
51149,2858
53077,2958
56025,3098
1033,17
6013,164
6083,199
8069,251
8049,241
12063,322
17027,575
34021,1751
48083,2531
48393,2686
51037,2806
54013,2965
17031,577
6065,190
33017,1739
38013,1963
46007,2331
20075,892
34009,1745
12125,354
25021,1194
26147,1271
27043,1302
21177,1048
21063,991
48003,2491
49025,2756
51099,2835
53027,2933
56039,3105
13217,465
37075,1894
38077,1995
41021,2185
45091,2328
13073,394
20013,861
34005,1743
21093,1006
22113,1136
26103,1249
26053,1224
29087,1493
56029,3100
6033,174
13133,424
13213,463
13221,467
16027,531
18065,696
21165,1042
22069,1114
22053,1106
27015,1288
29061,1480
30069,1599
36051,1820
37117,1915
37079,1896
42013,2217
42061,2241
45009,2287
47143,2466
47117,2453
48091,2535
48187,2583
48477,2728
51023,2798
53017,2928
5089,127
6035,175
8007,219
8061,247
8017,225
8103,268
48313,2646
22009,1084
13195,455
13001,359
13141,428
45041,2303
46035,2345
47001,2395
48015,2497
20003,856
21085,1002
48201,2590
51005,2789
53033,2936
53065,2952
55029,3028
56033,3102
6005,160
13171,443
16023,529
45063,2314
46085,2370
46041,2348
47107,2448
47085,2437
48423,2701
48213,2596
48345,2662
22067,1113
27107,1334
30047,1588
30007,1568
31075,1658
37103,1908
37059,1886
40133,2164
42043,2232
40025,2110
44007,2281
47167,2478
51083,2827
49057,2772
51155,2860
51101,2836
54109,3013
1129,65
12047,314
13137,426
17189,656
36029,1809
36019,1804
22085,1122
27073,1317
53041,2940
56013,3092
6111,213
40003,2099
21237,1078
22063,1111
35033,1780
45049,2307
48419,2699
49039,2763
41005,2177
21133,1026
23023,1155
21181,1050
48111,2545
5067,116
13303,508
46095,2375
48379,2679
1119,60
8113,273
12127,355
12113,348
16059,547
34003,1742
36063,1826
24009,1163
1065,33
27091,1326
29031,1465
42049,2235
45057,2311
47163,2476
48195,2587
51089,2830
51091,2831
54031,2974
4013,75
5075,120
8051,242
13205,459
13301,507
21187,1053
29207,1552
29169,1534
30099,1614
37051,1882
37069,1891
48047,2513
48455,2717
4017,77
5113,139
1041,21
21051,985
49045,2766
54011,2964
5001,83
47141,2465
12053,317
37179,1946
21005,962
16035,535
1061,31
1067,34
1017,9
1075,38
1083,42
17077,600
12003,293
17079,601
17145,634
13145,430
28035,1385
37093,1903
38007,1960
40101,2148
41055,2202
37143,1928
41039,2194
48403,2691
48043,2511
6019,167
49035,2761
51177,2871
54021,2969
12073,327
16087,561
51690,2903
6095,205
37165,1939
40079,2137
47055,2422
18061,694
13289,501
27053,1307
31101,1671
37007,1860
46117,2386
51685,2902
26007,1201
18075,701
17083,603
13119,417
16071,553
17181,652
17151,637
12061,321
17045,584
17095,609
12005,294
17119,621
17201,662
17173,648
12059,320
17179,651
17167,645
17037,580
13147,431
13281,497
18025,676
20209,959
19155,833
19185,848
20099,904
19059,785
19193,852
19063,787
21163,1041
21185,1052
21035,977
12105,344
36099,1844
12019,301
17075,599
17061,592
18165,746
18091,709
25007,1187
25019,1193
26097,1246
1123,62
26127,1261
26157,1276
20021,865
20191,950
20089,899
19139,825
19007,759
20129,919
20137,923
20181,945
20043,876
36007,1798
36087,1838
21057,988
36055,1822
36033,1811
22027,1093
23029,1158
12049,315
36079,1834
27025,1293
27157,1359
28005,1370
28075,1405
28139,1437
28003,1369
29145,1522
29147,1523
17033,578
17023,573
26009,1202
27133,1347
27155,1358
27135,1348
27055,1308
4023,80
5127,146
39103,2061
39121,2070
38057,1985
38089,2001
38103,2008
48113,2546
48221,2600
48425,2702
17143,633
1019,10
39165,2092
39021,2020
39139,2079
48367,2673
48133,2556
48049,2514
13037,377
47133,2461
20133,921
20113,911
20059,884
20185,947
20001,855
31003,1622
31097,1669
31047,1644
46063,2359
47157,2473
47099,2444
47101,2445
20143,926
20095,902
20109,909
37063,1888
37135,1924
37089,1901
37125,1919
5149,157
5065,115
13161,438
13235,474
39135,2077
20071,890
20189,949
20101,905
55117,3073
55079,3054
55071,3049
31025,1633
31055,1648
39025,2022
39039,2029
27101,1331
28145,1440
47177,2483
20187,948
18093,710
18109,718
18107,717
18103,715
20063,886
23001,1144
26161,1278
26117,1256
26035,1215
28027,1381
28085,1410
55093,3061
16051,543
20171,940
20049,879
21157,1038
29211,1554
30097,1613
35028,1777
37151,1932
5079,122
47115,2452
47137,2463
48391,2685
48203,2591
55125,3077
16053,544
30079,1604
30025,1577
31037,1639
55061,3044
8039,236
8003,217
32007,1717
13193,454
13253,483
47083,2436
48193,2586
21199,1059
55109,3069
56007,3089
35025,1775
35035,1781
26057,1226
26165,1280
39081,2050
39085,2052
21227,1073
55083,3056
29133,1516
29149,1524
26107,1251
26079,1237
42015,2218
42039,2230
42123,2272
28107,1421
28013,1374
28115,1425
48077,2528
16011,523
47181,2485
21173,1046
21009,964
8011,221
8079,256
13063,389
48337,2658
48087,2533
13081,398
21207,1063
55013,3020
32029,1727
35047,1787
35009,1767
35059,1793
36101,1845
37033,1873
13231,472
40053,2124
40059,2127
55089,3059
13053,384
5083,124
5111,138
5087,126
27007,1284
27111,1336
27095,1328
40001,2098
13093,404
13307,510
16045,540
29209,1553
29217,1557
42057,2239
46027,2341
46101,2378
13243,478
47075,2432
20127,918
20173,941
20155,932
29205,1551
21087,1003
21191,1055
13015,366
13211,462
47061,2425
20085,897
20139,924
31175,1708
31163,1702
31113,1677
53069,2954
38029,1971
5115,140
39093,2056
38001,1957
38019,1966
20115,912
20159,934
20029,869
54029,2973
54035,2976
54009,2963
5101,133
30101,1615
31033,1637
29199,1548
27079,1320
27067,1314
27057,1309
55101,3065
13003,360
16067,551
17175,649
18101,714
18073,700
20193,951
22007,1083
23019,1153
31151,1696
51079,2825
47015,2402
48231,2605
19037,774
20087,898
29075,1487
29065,1482
49021,2754
49041,2764
50015,2780
17183,653
56001,3086
56045,3108
29003,1451
29045,1472
17133,628
42065,2243
12085,333
12035,308
51700,2904
51043,2808
29097,1498
29009,1454
40031,2113
46015,2335
46037,2346
54097,3007
38015,1964
16001,518
16009,522
20051,880
40043,2119
40011,2103
41013,2181
51760,2911
54019,2968
54101,3009
41063,2206
42007,2214
39159,2089
39157,2088
48217,2598
51183,2874
17103,613
17131,627
28025,1380
29175,1537
29161,1530
48199,2589
48347,2663
48125,2552
48375,2677
8021,227
17115,619
46061,2358
46107,2382
46073,2364
48117,2548
49053,2770
50003,2774
5005,85
8099,266
8063,248
42011,2216
47169,2479
55021,3024
55141,3085
13035,376
13059,387
5135,150
39141,2080
39163,2091
42021,2221
51680,2900
51640,2895
13239,476
17141,632
42083,2252
18137,732
18009,668
19123,817
19019,765
19013,762
39067,2043
48293,2636
48437,2708
48451,2715
51610,2892
51720,2906
17029,576
13101,408
47139,2464
29203,1550
29177,1538
29083,1491
48331,2655
29127,1513
47087,2438
55049,3038
50005,2775
51025,2799
5027,96
29510,1564
42081,2251
55073,3050
6029,172
12087,335
13199,457
13085,400
19101,806
5119,142
40107,2151
42025,2223
51730,2907
17195,659
17199,661
47077,2433
19049,780
19079,795
19095,803
29017,1458
40111,2153
48179,2579
48381,2680
48503,2741
48417,2698
48319,2649
48413,2696
51021,2797
47011,2400
55135,3082
55067,3047
29185,1542
29125,1512
29015,1457
51710,2905
48033,2506
17091,607
55017,3022
56031,3101
12015,299
51800,2915
51520,2883
13197,456
8115,274
9015,287
29163,1531
17089,606
12115,349
17009,566
1059,30
13125,420
19183,847
19081,796
19003,757
40121,2158
40131,2163
42079,2250
42069,2245
1081,41
36093,1841
36015,1802
36027,1808
1103,52
26021,1208
37187,1950
26043,1219
36021,1805
21225,1072
29155,1527
19153,832
19091,801
19157,834
19165,838
1021,11
41057,2203
16055,545
29213,1555
29091,1495
13083,399
18029,678
18135,731
18003,665
41059,2204
19005,758
21015,967
13111,413
13257,485
31153,1697
32023,1725
19071,791
37189,1951
18173,750
17081,602
8081,257
29173,1536
29011,1455
30091,1610
31029,1635
26159,1277
26091,1243
26059,1227
37011,1862
1045,23
17015,569
5143,154
21091,1005
22023,1091
40139,2167
40045,2120
1105,53
1057,29
36001,1795
34037,1759
19179,845
19075,793
19023,767
19017,764
19121,816
19137,824
18039,683
20103,906
41027,2188
44003,2279
17149,636
13087,401
13295,504
17177,650
32013,1720
32017,1722
33003,1732
19119,815
20183,946
18153,740
5049,107
8009,220
31083,1662
31067,1654
31169,1705
23009,1148
26121,1258
1007,4
1027,14
37073,1893
38087,2000
38021,1967
24025,1171
25009,1188
25013,1190
19001,756
19115,813
40129,2162
40041,2118
17055,589
1111,56
4003,69
19197,854
20201,955
16075,555
18077,702
19145,828
19173,842
19159,835
32510,1730
33019,1740
55107,3068
4011,73
21145,1032
16057,546
31107,1674
37045,1879
37157,1935
37145,1929
55131,3080
56027,3099
56043,3107
18171,749
36085,1837
36023,1806
21161,1040
31031,1636
1015,8
26069,1232
26001,1198
40105,2150
20117,913
21083,1001
21077,998
36109,1849
19187,849
26017,1206
29186,1543
40147,2171
41029,2189
41037,2193
20019,864
36117,1853
19025,768
19073,792
19161,836
19067,789
19099,805
18031,679
18159,743
18117,722
17123,623
17059,591
19051,781
19043,777
37077,1895
46121,2388
1039,20
17169,646
13047,381
17005,564
17069,596
17147,635
31027,1634
31133,1687
48081,2530
48385,2682
20141,925
20017,863
20177,943
38075,1994
36039,1814
36095,1842
18181,754
18143,735
48265,2622
48463,2721
50025,2785
51740,2909
39087,2053
39001,2010
27117,1339
40009,2102
21041,980
36057,1823
48251,2615
47131,2460
13293,503
45011,2288
27045,1303
1013,7
29047,1473
29129,1514
18119,723
47067,2428
48351,2665
5137,151
45023,2294
26067,1231
26133,1264
26051,1223
45033,2299
46099,2377
19177,844
47125,2457
13045,380
6031,173
18045,686
26137,1266
26119,1257
27083,1322
51115,2843
20131,920
20147,928
20011,860
17171,647
17159,641
48253,2616
42047,2234
48249,2614
48151,2565
48363,2671
48065,2522
51735,2908
13187,451
39015,2017
39053,2036
48143,2561
48013,2496
48493,2736
48317,2648
48505,2742
48365,2672
13097,406
46033,2344
28059,1397
1133,67
28039,1387
21021,970
21233,1076
48079,2529
8119,276
12043,312
12027,304
13169,442
46059,2357
46025,2340
48189,2584
48429,2704
46053,2354
46109,2383
55095,3062
55065,3046
18139,733
42107,2264
42087,2254
48183,2581
51071,2821
20121,915
20107,908
20039,874
18017,672
18097,712
18015,671
26075,1235
26111,1253
26037,1216
26065,1230
51510,2882
13227,470
13223,468
39111,2065
39029,2024
28023,1379
48299,2639
48131,2555
48297,2638
48341,2660
48181,2580
48147,2563
13065,390
46005,2330
46079,2367
28063,1399
29119,1509
46091,2373
21081,1000
21061,990
21137,1028
13175,445
13117,416
46129,2392
46119,2387
48019,2499
48263,2621
46021,2338
46102,2379
55091,3060
56021,3096
56023,3097
42093,2257
42053,2237
48283,2631
48191,2585
48271,2625
21075,997
21219,1069
36035,1812
18133,730
18011,669
18041,684
18179,753
48173,2576
48159,2569
48059,2519
48177,2578
48243,2611
53059,2949
53003,2921
54095,3006
54073,2995
39007,2013
40085,2140
22003,1081
22093,1126
26025,1210
48369,2674
48295,2637
49019,2753
49023,2755
50021,2783
13259,486
13095,405
13275,494
29021,1460
29165,1532
21105,1012
21201,1060
13297,505
13287,500
46043,2349
46069,2362
47113,2451
20061,885
46013,2334
47047,2418
47071,2430
5059,112
5051,108
18121,724
45039,2302
48095,2537
48011,2495
13057,386
13207,460
13131,423
37001,1857
27153,1357
28119,1427
28067,1401
48211,2595
38041,1977
38069,1991
29089,1494
36107,1848
27035,1298
42115,2268
42105,2263
49009,2748
50019,2782
29215,1556
29053,1476
29131,1515
55105,3067
49031,2759
55113,3071
46083,2369
29005,1452
29137,1518
29103,1501
55127,3078
31137,1689
1079,40
31051,1646
54105,3011
54015,2966
55137,3083
37061,1887
37195,1954
31121,1681
39151,2085
39101,2060
46029,2342
46067,2361
46049,2352
37035,1874
37081,1897
28077,1406
28123,1429
28155,1445
39041,2030
29043,1471
27123,1342
27001,1281
27085,1323
27113,1337
51077,2824
51650,2896
29071,1485
42131,2276
37071,1892
38011,1962
46031,2343
55115,3072
30111,1620
30021,1575
30019,1574
46065,2360
54089,3003
55085,3057
55005,3016
37067,1890
27093,1327
37197,1955
37003,1858
53063,2951
54069,2993
18037,682
18059,693
46077,2366
46045,2350
27161,1361
27039,1300
27087,1324
27051,1306
28129,1432
28017,1376
28019,1377
55045,3036
5031,98
31023,1632
56017,3094
46019,2337
47109,2449
51550,2886
53023,2931
31013,1627
31059,1650
31125,1683
47023,2406
17051,587
51620,2893
51660,2897
51570,2887
53013,2926
54017,2967
30107,1618
30067,1598
30095,1612
48497,2738
55059,3043
18183,755
18099,713
18079,703
18035,681
37037,1875
28117,1426
28061,1398
38073,1993
38049,1981
38043,1978
28099,1417
48325,2652
48163,2571
8087,260
35057,1792
40097,2146
40109,2152
28125,1430
48097,2538
29051,1475
54053,2985
8047,240
13225,469
31071,1656
40049,2122
40115,2155
41025,2187
48197,2588
55097,3063
54061,2989
30011,1570
31079,1660
32011,1719
35061,1794
48275,2627
42073,2247
42117,2269
51683,2901
51775,2913
55055,3041
55087,3058
31019,1630
38061,1987
49027,2757
51820,2917
55027,3027
51600,2891
51595,2890
51670,2898
36121,1855
37097,1905
28071,1403
35041,1784
51197,2880
31155,1698
31111,1676
39033,2026
35049,1788
39011,2015
40083,2139
17099,611
17117,620
27063,1312
5055,110
6049,182
8085,259
39169,2094
39063,2041
39133,2076
40029,2112
40019,2107
38081,1997
38023,1968
27047,1304
27099,1330
42085,2253
45001,2283
19129,820
29139,1519
40123,2159
39013,2016
55025,3026
17163,643
13017,367
19133,822
51770,2912
5047,106
5141,153
31143,1692
55041,3034
35053,1790
35019,1772
35005,1764
13043,379
17025,574
51830,2918
51750,2910
8125,279
8075,254
31167,1704
31041,1641
31123,1682
39129,2074
12081,331
12111,347
17013,568
31105,1673
31129,1685
45037,2301
39055,2037
39119,2069
39077,2048
40047,2121
25003,1185
27115,1338
28147,1441
29153,1526
46135,2393
19149,830
40103,2149
40149,2172
17105,614
17187,655
17137,630
39171,2095
20037,873
19143,827
54091,3004
55133,3081
5105,135
5071,118
31139,1690
13069,392
13115,415
38033,1973
38051,1982
38095,2004
17191,657
55039,3033
31147,1694
31165,1703
31073,1657
31063,1652
31149,1695
39175,2097
17063,593
17203,663
17067,595
17193,658
29081,1490
29111,1505
46081,2368
46105,2381
39027,2023
39057,2038
39065,2042
26011,1203
26139,1267
31095,1668
31157,1699
17101,612
17053,588
18163,745
19061,786
19109,810
40061,2128
8041,237
48311,2645
39017,2018
39105,2062
55129,3079
55078,3053
55099,3064
51173,2869
51033,2803
31009,1625
31007,1624
13255,484
13011,364
17085,604
18155,741
31057,1649
31015,1628
31177,1709
32019,1723
39109,2064
39115,2067
17113,618
17107,615
17111,617
31021,1631
32005,1716
46011,2333
55103,3066
55033,3030
39127,2073
39117,2068
41067,2208
26023,1209
26131,1263
1037,19
13099,407
5077,121
39125,2072
29135,1517
29107,1503
29001,1450
37005,1859
51011,2792
39099,2059
39051,2035
18141,734
55123,3076
56037,3104
51540,2885
33013,1737
8025,229
13299,506
18167,747
18087,707
35023,1774
35003,1763
39071,2045
45007,2286
37105,1909
40099,2147
16047,541
48121,2550
48093,2536
48027,2503
29035,1467
29123,1511
29059,1479
51045,2809
55031,3029
16065,550
19057,784
20167,938
20073,891
20027,868
20169,939
20165,937
20067,888
48487,2733
48069,2524
28127,1431
40127,2161
51790,2914
18127,727
48359,2669
48483,2731
50011,2778
53035,2937
36003,1796
41009,2179
48165,2572
26125,1260
26077,1236
26145,1270
9013,286
19085,798
26115,1255
30053,1591
53051,2945
40069,2132
27029,1295
28081,1408
28091,1413
48303,2641
23011,1149
27131,1346
27159,1360
18081,704
20079,894
21211,1065
41071,2210
42129,2275
18057,692
18105,716
48123,2551
48309,2644
48021,2500
22049,1104
28135,1435
29101,1500
21023,971
36073,1831
18131,729
19103,807
1125,63
21113,1016
21143,1031
31011,1626
39023,2021
39075,2047
39137,2078
31145,1693
35006,1765
27105,1333
28011,1373
28057,1396
51590,2889
51169,2867
42109,2265
47017,2403
46047,2351
51133,2850
5117,141
6115,215
21239,1079
28049,1392
30059,1594
45059,2312
48157,2568
53007,2923
21089,1004
5061,113
8027,230
51061,2816
13183,449
20007,858
29181,1540
42019,2220
42121,2271
28065,1400
28015,1375
28103,1419
41069,2209
42119,2270
26031,1213
1011,6
42009,2215
19039,775
19015,763
19033,772
48085,2532
48149,2564
48145,2562
48291,2635
48357,2668
39049,2034
17019,571
31065,1653
13247,480
19055,783
19097,804
27169,1365
21169,1044
21039,979
45081,2323
46003,2329
55119,3074
1093,47
26005,1200
29227,1562
31127,1684
20105,907
20015,862
51013,2793
18001,664
20077,893
20119,914
20199,954
40055,2125
38009,1961
21235,1077
29171,1535
46017,2336
22121,1140
21037,978
21103,1011
46057,2356
46111,2384
29077,1488
29067,1483
29025,1462
29221,1559
47095,2442
26015,1205
27033,1297
28131,1433
40091,2143
13173,444
47043,2416
47097,2443
48495,2737
19093,802
19135,823
48415,2697
48219,2599
48233,2606
48397,2688
22089,1124
20163,936
13023,370
18085,706
48279,2629
26039,1217
13155,435
17157,640
20065,887
20041,875
20111,910
33011,1736
22095,1127
20157,933
20153,931
29159,1529
30065,1597
31179,1710
20005,857
17139,631
19047,779
19147,829
19021,766
35013,1769
27065,1313
21213,1066
36037,1813
29219,1558
28037,1386
31085,1663
31045,1643
36123,1856
20197,953
40081,2138
40093,2144
27009,1285
27165,1363
27005,1283
20125,917
36089,1839
31053,1647
31081,1661
31039,1640
32027,1726
33001,1731
39097,2058
39079,2049
39003,2011
39009,2014
13273,493
31135,1688
31087,1664
31117,1679
38065,1989
29105,1502
49055,2771
50013,2779
39089,2054
40037,2116
40035,2115
37169,1941
39107,2063
5053,109
29141,1520
29109,1504
31017,1629
40153,2174
42037,2229
51840,2919
17021,572
17135,629
5123,144
8073,253
48247,2613
48335,2657
26093,1244
36041,1815
38101,2007
26105,1250
26019,1207
35027,1776
28045,1390
40015,2105
26143,1269
26155,1275
13177,446
21019,969
24023,1170
26151,1273
37025,1869
38093,2003
41041,2195
44001,2278
46051,2353
18145,736
19113,812
40007,2101
39031,2025
40073,2134
46087,2371
48439,2709
38025,1969
38027,1970
40071,2133
46089,2372
13109,412
29151,1525
29229,1563
31109,1675
51049,2811
53001,2920
12091,337
31043,1642
18053,690
19011,761
19027,769
20151,930
26123,1259
27171,1366
39113,2066
40017,2106
27049,1305
47179,2484
48281,2630
27019,1290
27149,1355
19031,771
27017,1289
28153,1444
19175,843
56009,3090
37191,1952
37109,1911
47171,2480
51810,2916
20045,877
21149,1034
54055,2986
38091,2002
39143,2081
55015,3021
12021,302
17093,608
13055,385
17127,625
20031,870
20081,895
26061,1228
26073,1234
55053,3040
55019,3023
33005,1733
37041,1877
21215,1067
26049,1222
27109,1335
27125,1343
36011,1800
21223,1071
28047,1391
19029,770
19171,841
38039,1976
48259,2619
48257,2618
48457,2718
48135,2557
28133,1434
28101,1418
26087,1241
30103,1616
30037,1583
31141,1691
31181,1711
38047,1980
39019,2019
39045,2032
54077,2997
56005,3088
12051,316
27143,1352
28159,1447
18115,721
48137,2558
48399,2689
39153,2086
39173,2096
17071,597
17011,567
8045,239
19053,782
19191,851
27003,1282
27141,1351
40063,2129
55081,3055
1029,15
17057,590
17001,562
56011,3091
6075,195
29007,1453
29115,1507
28073,1404
29073,1486
24510,1183
26033,1214
26027,1211
21221,1070
21171,1045
48017,2498
48501,2740
48075,2527
48099,2539
48169,2574
48305,2642
48045,2512
48433,2706
48267,2623
29167,1533
29055,1477
29187,1544
29179,1539
12011,297
19077,794
20083,896
20195,952
30075,1602
35015,1770
13165,440
29121,1510
31089,1665
47103,2446
17165,644
13061,388
26085,1240
27147,1354
28079,1407
32021,1724
1077,39
17007,565
29093,1496
31099,1670
35001,1762
28031,1383
16021,528
18177,752
19089,800
36043,1816
18033,680
47039,2414
18149,738
19035,773
20009,859
20207,958
17073,598
21001,960
48485,2732
50007,2776
48209,2594
13091,403
4019,78
16017,526
17065,594
17049,586
9005,282
30109,1619
22061,1110
13149,432
5033,99
18151,739
38045,1979
39147,2083
39059,2039
29225,1561
29223,1560
30017,1573
31173,1707
13167,441
18005,666
46097,2376
31119,1680
17109,616
19167,839
20023,866
48129,2554
48153,2566
39005,2012
21047,983
1031,16
21117,1018
53039,2939
40021,2108
42077,2249
40005,2100
19169,840
19065,788
20203,956
18055,691
5035,100
31131,1686
56015,3093
5129,147
46009,2332
18043,685
41053,2201
47161,2475
47007,2398
48107,2543
48431,2705
20035,872
34029,1755
18161,744
21053,986
13129,422
13005,361
31077,1659
32009,1718
54051,2984
47153,2471
48421,2700
41011,2180
13277,495
17087,605
40119,2157
55063,3045
36097,1843
38063,1988
1127,64
48307,2643
51065,2818
55069,3048
36083,1836
50023,2784
21073,996
37181,1947
39145,2082
28041,1388
18021,674
19125,818
8105,269
51135,2851
54079,2998
21045,982
47027,2408
48285,2632
37185,1949
39037,2028
26101,1248
12067,324
18095,711
19151,831
5125,145
8101,267
8089,261
48109,2544
26081,1238
27059,1310
18047,687
19195,853
27081,1321
28141,1438
18113,720
5043,104
26045,1220
29079,1489
39131,2075
39083,2051
50001,2773
5023,94
26149,1272
36049,1819
56019,3095
51580,2888
55035,3031
5009,87
48009,2494
48031,2505
40051,2123
19105,808
20047,878
20179,944
19083,797
20055,882
13077,396
47105,2447
48101,2540
27151,1356
55139,3084
39155,2087
48255,2617
48445,2712
48507,2743
40033,2114
21129,1024
13071,393
55047,3037
16019,527
18063,695
46039,2347
28097,1416
28111,1423
29117,1508
42001,2211
13285,499
19181,846
13159,437
18049,688
47021,2405
8014,223
8121,277
27037,1299
31161,1701
35037,1782
