FIPS,grid_index
1001,0.263300897
1003,0.370014601
1005,0.249943476
1007,0.14339235
1009,0.145441105
1011,0.171788157
1013,0.22887636
1015,0.357982933
1017,0.254874779
1019,0.164551828
1021,0.187038257
1023,0.134567237
1025,0.14692135
1027,0.127466604
1029,0.109056448
1031,0.276091646
1033,0.474117626
1035,0.161671612
1037,0.098277316
1039,0.326195611
1041,0.183326128
1043,0.254148686
1045,0.243834006
1047,0.305025543
1049,0.252197862
1051,0.216741882
1053,0.319689852
1055,0.357483084
1057,0.137884195
1059,0.272617611
1061,0.342219752
1063,0.145856823
1065,0.200824602
1067,0.198513481
1069,0.418141952
1071,0.244719804
1073,0.381552194
1075,0.128616859
1077,0.335353987
1079,0.310261251
1081,0.288762247
1083,0.416641426
1085,0.152533475
1087,0.227599522
1089,0.367519456
1091,0.242154994
1093,0.157918825
1095,0.278859419
1097,0.374556527
1099,0.176005493
1101,0.39459025
1103,0.403234735
1105,0.182730042
1107,0.152472982
1109,0.215977231
1111,0.119717207
1113,0.305217183
1115,0.158076259
1117,0.183869711
1119,0.204435964
1121,0.279366459
1123,0.173893158
1125,0.320153486
1127,0.22055954
1129,0.141004279
1131,0.112901438
1133,0.132837613
2013,0.098220454
2016,0.157606985
2020,0.419789009
2050,0.191743529
2060,0.116505175
2068,0.17257976
2070,0.142337195
2090,0.38085904
2100,0.194391873
2105,0.103264729
2110,0.303043188
2122,0.231151234
2130,0.2106967
2150,0.234463541
2158,0.139037273
2164,0.110969686
2170,0.247824038
2180,0.282502731
2185,0.225320963
2188,0.284343961
2195,0.330315783
2198,0.238691648
2220,0.134092276
2230,0.612667004
2240,0.292264018
2261,0.193569473
2275,0.138850547
2282,0.141667234
2290,0.215483221
4001,0.186757627
4003,0.44575421
4005,0.280477963
4007,0.19584546
4009,0.345408739
4011,0.188124601
4012,0.366289173
4013,0.435142876
4015,0.399333908
4017,0.263556806
4019,0.438253872
4021,0.405137788
4023,0.188423956
4025,0.25057021
4027,0.544884862
5001,0.531097061
5003,0.342451831
5005,0.248453382
5007,0.3396835
5009,0.30797448
5011,0.363116745
5013,0.245273012
5015,0.197912308
5017,0.429499996
5019,0.326677902
5021,0.496764017
5023,0.240858342
5025,0.218743625
5027,0.362533216
5029,0.313070985
5031,0.409694926
5033,0.340978031
5035,0.45100485
5037,0.365477871
5039,0.286837922
5041,0.369585566
5043,0.279737831
5045,0.334683246
5047,0.291899596
5049,0.168488477
5051,0.271290519
5053,0.277527816
5055,0.40089771
5057,0.323132112
5059,0.319770123
5061,0.364727195
5063,0.306341116
5065,0.219491242
5067,0.413861929
5069,0.480040982
5071,0.304864632
5073,0.309081085
5075,0.396879719
5077,0.374805177
5079,0.260983888
5081,0.436554187
5083,0.365784156
5085,0.383089109
5087,0.150416802
5089,0.199702806
5091,0.509213299
5093,0.474902748
5095,0.398215733
5097,0.102211264
5099,0.297704024
5101,0.076698327
5103,0.299802914
5105,0.272536972
5107,0.428455249
5109,0.167680256
5111,0.41028437
5113,0.217521505
5115,0.342467099
5117,0.47409271
5119,0.38882167
5121,0.348762431
5123,0.364622776
5125,0.244546606
5127,0.229590193
5129,0.131604395
5131,0.489774634
5133,0.320204772
5135,0.150240162
5137,0.108464349
5139,0.352220967
5141,0.154809607
5143,0.359351707
5145,0.386847147
5147,0.412136357
5149,0.275091002
6001,0.479599334
6003,0.131171474
6005,0.127548894
6007,0.387291272
6009,0.119282461
6011,0.434586412
6013,0.350211575
6015,0.37068799
6017,0.204512764
6019,0.534348657
6021,0.47919533
6023,0.327806045
6025,0.612144254
6027,0.371382109
6029,0.501855296
6031,0.540202759
6033,0.250977664
6035,0.313305073
6037,0.562378378
6039,0.466954163
6041,0.217670923
6043,0.096029698
6045,0.242466443
6047,0.515499293
6049,0.308246249
6051,0.190559961
6053,0.384141498
6055,0.358398051
6057,0.142068526
6059,0.39979825
6061,0.284883211
6063,0.143523548
6065,0.405773357
6067,0.39601604
6069,0.381658999
6071,0.460071986
6073,0.39551528
6075,0.742497416
6077,0.498580103
6079,0.372804079
6081,0.411651812
6083,0.45521414
6085,0.424826845
6087,0.280545853
6089,0.300546485
6091,0.094354334
6093,0.202599679
6095,0.374802756
6097,0.322052937
6099,0.486966575
6101,0.475946148
6103,0.337373271
6105,0.077667671
6107,0.551103589
6109,0.119251507
6111,0.392024136
6113,0.43760386
6115,0.384269706
8001,0.450721128
8003,0.52543257
8005,0.403939423
8007,0.124975958
8009,0.625869341
8011,0.501874305
8013,0.413887552
8014,0.359389547
8015,0.350059731
8017,0.572927679
8019,0.231603526
8021,0.537166271
8023,0.209319776
8025,0.538104808
8027,0.240119552
8029,0.339640385
8031,0.672967445
8033,0.214965159
8035,0.236147026
8037,0.150393861
8039,0.273887792
8041,0.349926831
8043,0.427193955
8045,0.234375441
8047,0.163175628
8049,0.153933077
8051,0.304954568
8053,0.217385743
8055,0.366330796
8057,0.161897469
8059,0.365856357
8061,0.550667798
8063,0.600687915
8065,0.325513013
8067,0.257705378
8069,0.408217388
8071,0.380418796
8073,0.532479171
8075,0.61884324
8077,0.438746937
8079,0.183207969
8081,0.358247966
8083,0.391042939
8085,0.352839434
8087,0.550978532
8089,0.548848252
8091,0.198879182
8093,0.159223275
8095,0.781084158
8097,0.208704052
8099,0.618806766
8101,0.524567294
8103,0.158443749
8105,0.570802505
8107,0.211837169
8109,0.433123716
8111,0.453498816
8113,0.230145046
8115,0.676868619
8117,0.198240477
8119,0.244939423
8121,0.628414336
8123,0.49128874
8125,0.528066487
9001,0.287681848
9003,0.353487551
9005,0.204266456
9007,0.211093652
9009,0.309320818
9011,0.214654431
9013,0.18604648
9015,0.213669766
10001,0.267201946
10003,0.382607557
10005,0.272795964
11001,0.614857477
12001,0.425084848
12003,0.321094825
12005,0.490185654
12007,0.375198268
12009,0.434540188
12011,0.488770351
12013,0.336943162
12015,0.409687065
12017,0.379111685
12019,0.306718726
12021,0.405781555
12023,0.365836308
12027,0.423699596
12029,0.424660669
12031,0.416432662
12033,0.430824022
12035,0.275748449
12037,0.380568868
12039,0.33008869
12041,0.433097308
12043,0.289719904
12045,0.361635533
12047,0.352415451
12049,0.466821398
12051,0.504499466
12053,0.384006927
12055,0.396035522
12057,0.46205601
12059,0.278003303
12061,0.45868259
12063,0.361633684
12065,0.32644024
12067,0.429972314
12069,0.372264192
12071,0.437837707
12073,0.363624873
12075,0.447439421
12077,0.219193479
12079,0.362044211
12081,0.425501782
12083,0.417862045
12085,0.360047601
12086,0.580062523
12087,0.410101395
12089,0.294038249
12091,0.375453211
12093,0.458430648
12095,0.435617707
12097,0.37492459
12099,0.445444741
12101,0.376943832
12103,0.519853247
12105,0.423659496
12107,0.423454247
12109,0.328680619
12111,0.42910404
12113,0.362790345
12115,0.421303395
12117,0.388997337
12119,0.306182147
12121,0.402925855
12123,0.445815686
12125,0.296290957
12127,0.429105669
12129,0.263131178
12131,0.267253842
12133,0.317573985
13001,0.275094087
13003,0.245434674
13005,0.289599983
13007,0.263468498
13009,0.261710178
13011,0.127488918
13013,0.203283566
13015,0.214227482
13017,0.476790385
13019,0.308833344
13021,0.349405532
13023,0.345845951
13025,0.22612866
13027,0.424040925
13029,0.203956379
13031,0.201946898
13033,0.214754287
13035,0.197282788
13037,0.331534484
13039,0.240621541
13043,0.195592455
13045,0.205850183
13047,0.228490363
13049,0.220084474
13051,0.477933354
13053,0.200132331
13055,0.208432259
13057,0.166757348
13059,0.268548148
13061,0.240106709
13063,0.282799392
13065,0.160076918
13067,0.21665615
13069,0.348635109
13071,0.391587319
13073,0.171256864
13075,0.349105163
13077,0.190161206
13079,0.202441814
13081,0.507450409
13083,0.14572999
13085,0.115113556
13087,0.386716911
13089,0.261288704
13091,0.300916509
13093,0.36607038
13095,0.499005808
13097,0.212482096
13099,0.296855493
13101,0.195286743
13103,0.231310208
13105,0.167932589
13107,0.186614688
13109,0.228788252
13111,0.103450785
13113,0.216616615
13115,0.284373984
13117,0.172116537
13119,0.128182893
13121,0.331860341
13123,0.080521732
13125,0.110157752
13127,0.353361792
13129,0.220578672
13131,0.3861531
13133,0.148359299
13135,0.20324698
13137,0.142264894
13139,0.180129414
13141,0.090786695
13143,0.139736518
13145,0.14311248
13147,0.124169541
13149,0.113018397
13151,0.219211003
13153,0.33207222
13155,0.293740688
13157,0.132505244
13159,0.117760037
13161,0.246384768
13163,0.213366802
13165,0.196307242
13167,0.188889901
13169,0.171890245
13171,0.259516605
13173,0.267677926
13175,0.291092153
13177,0.313298908
13179,0.240477923
13181,0.08540447
13183,0.159021159
13185,0.356607851
13187,0.083662807
13189,0.186405391
13191,0.148324498
13193,0.259856743
13195,0.138196721
13197,0.168852587
13199,0.212697954
13201,0.393653145
13205,0.400965202
13207,0.152867197
13209,0.209391052
13211,0.164221097
13213,0.245648618
13215,0.364261843
13217,0.230182965
13219,0.124630033
13221,0.092839269
13223,0.158779209
13225,0.320080981
13227,0.113636167
13229,0.238982574
13231,0.215382421
13233,0.254954576
13235,0.31031265
13237,0.166856671
13239,0.143086665
13241,0.098002999
13243,0.280541446
13245,0.311813224
13247,0.194966928
13249,0.294157638
13251,0.162227533
13253,0.434956093
13255,0.340974258
13257,0.158225959
13259,0.21481749
13261,0.327330013
13263,0.190981006
13265,0.107365206
13267,0.171738799
13269,0.289549613
13271,0.282587062
13273,0.394917099
13275,0.350784165
13277,0.3600572
13279,0.279659129
13281,0.079107908
13283,0.21254966
13285,0.297156111
13287,0.299530678
13289,0.196986497
13291,0.078481429
13293,0.253630869
13295,0.229617684
13297,0.194624513
13299,0.467588071
13301,0.121620321
13303,0.136998817
13305,0.283094814
13307,0.1945033
13309,0.266792634
13311,0.095425452
13313,0.267029074
13315,0.392265856
13317,0.127097496
13319,0.15095725
13321,0.382460102
15001,0.340567166
15003,0.368907522
15005,0.351561682
15007,0.175156488
15009,0.287783457
16001,0.398260236
16003,0.178824
16005,0.439583446
16007,0.22173274
16009,0.215959397
16011,0.449965576
16013,0.221653081
16015,0.055450872
16017,0.259008822
16019,0.471919539
16021,0.129228369
16023,0.290397772
16025,0.25992422
16027,0.476546465
16029,0.235239574
16031,0.498218869
16033,0.219338126
16035,0.144823576
16037,0.149057502
16039,0.339918298
16041,0.259382253
16043,0.399570244
16045,0.363376062
16047,0.346282573
16049,0.164916949
16051,0.436735459
16053,0.530081636
16055,0.446686055
16057,0.306787795
16059,0.232714308
16061,0.35357448
16063,0.304776512
16065,0.440728545
16067,0.481228656
16069,0.494975032
16071,0.260561535
16073,0.335981136
16075,0.400311722
16077,0.280425816
16079,0.160510651
16081,0.355899606
16083,0.510287406
16085,0.193798547
16087,0.308582506
17001,0.63873026
17003,0.424681789
17005,0.488492078
17007,0.455620903
17009,0.322723936
17011,0.545355757
17013,0.197162458
17015,0.439846803
17017,0.579675852
17019,0.579967768
17021,0.613007032
17023,0.509138468
17025,0.465250592
17027,0.518630333
17029,0.582022929
17031,0.698732307
17033,0.510856753
17035,0.478203836
17037,0.521723844
17039,0.54594422
17041,0.618144832
17043,0.441928121
17045,0.3971256
17047,0.497581809
17049,0.486597703
17051,0.472860154
17053,0.678862839
17055,0.600169004
17057,0.532484647
17059,0.392717604
17061,0.499454659
17063,0.41662739
17065,0.536605089
17067,0.537126459
17069,0.30998802
17071,0.483062735
17073,0.568429823
17075,0.599843575
17077,0.376757441
17079,0.522028351
17081,0.502573723
17083,0.34129489
17085,0.242661636
17087,0.28155134
17089,0.477357594
17091,0.56751212
17093,0.28843568
17095,0.580578257
17097,0.425555985
17099,0.577512843
17101,0.516430455
17103,0.52168218
17105,0.656845744
17107,0.59983391
17109,0.586947389
17111,0.380814834
17113,0.569635673
17115,0.556357531
17117,0.5266891
17119,0.432992734
17121,0.534287904
17123,0.548355026
17125,0.554311929
17127,0.449712517
17129,0.482199369
17131,0.605725249
17133,0.279913216
17135,0.569485522
17137,0.500164025
17139,0.590887436
17141,0.51922235
17143,0.530038602
17145,0.483763337
17147,0.573506486
17149,0.429101621
17151,0.268811987
17153,0.393938229
17155,0.496863339
17157,0.425046055
17159,0.625082238
17161,0.541762311
17163,0.443848971
17165,0.561988099
17167,0.544001188
17169,0.39051598
17171,0.412135625
17173,0.591586601
17175,0.652021491
17177,0.50506058
17179,0.456794064
17181,0.245154709
17183,0.543464266
17185,0.378082121
17187,0.632788775
17189,0.502113991
17191,0.506551503
17193,0.400889362
17195,0.538828906
17197,0.430401769
17199,0.532691574
17201,0.526804987
17203,0.493291583
18001,0.578276952
18003,0.480605204
18005,0.47826116
18007,0.699234675
18009,0.675863879
18011,0.442862282
18013,0.138352876
18015,0.45025651
18017,0.528688751
18019,0.354757193
18021,0.507147311
18023,0.638784351
18025,0.186465388
18027,0.525891264
18029,0.235065094
18031,0.486614995
18033,0.597873415
18035,0.574091459
18037,0.422287227
18039,0.487557958
18041,0.462937773
18043,0.340880702
18045,0.502747872
18047,0.324677847
18049,0.455892509
18051,0.444232826
18053,0.611034421
18055,0.503448563
18057,0.359549207
18059,0.496629816
18061,0.282469323
18063,0.39512289
18065,0.556482264
18067,0.546564982
18069,0.500807679
18071,0.451992216
18073,0.447874207
18075,0.658981327
18077,0.383929398
18079,0.349727954
18081,0.385766006
18083,0.522680336
18085,0.455110658
18087,0.44694305
18089,0.571200676
18091,0.503522853
18093,0.436829232
18095,0.574420749
18097,0.516194405
18099,0.522502952
18101,0.239772604
18103,0.536658212
18105,0.366892247
18107,0.444542711
18109,0.36918517
18111,0.625051419
18113,0.480139489
18115,0.287765796
18117,0.322646208
18119,0.341899212
18121,0.372720445
18123,0.378801343
18125,0.376853142
18127,0.4239686
18129,0.431843878
18131,0.524520069
18133,0.383786346
18135,0.476600762
18137,0.372488199
18139,0.534250458
18141,0.526822525
18143,0.45697486
18145,0.469187539
18147,0.409431947
18149,0.551934877
18151,0.407315159
18153,0.532050598
18155,0.235846891
18157,0.461440915
18159,0.645445371
18161,0.337048538
18163,0.561896115
18165,0.555862614
18167,0.625841592
18169,0.414800483
18171,0.463673204
18173,0.420165065
18175,0.319591609
18177,0.570008275
18179,0.63360018
18181,0.508362862
18183,0.459347752
19001,0.667942278
19003,0.598930483
19005,0.337634402
19007,0.510471982
19009,0.56442931
19011,0.647516004
19013,0.614285935
19015,0.662235105
19017,0.645331951
19019,0.635731027
19021,0.707576427
19023,0.693700339
19025,0.712690208
19027,0.640461386
19029,0.631878395
19031,0.59770841
19033,0.621500065
19035,0.669535439
19037,0.651536099
19039,0.529439502
19041,0.679164584
19043,0.290339306
19045,0.552413279
19047,0.602050515
19049,0.539567003
19051,0.439838331
19053,0.584878996
19055,0.536346402
19057,0.551068515
19059,0.56164344
19061,0.386017081
19063,0.625540378
19065,0.567436401
19067,0.622007294
19069,0.707575002
19071,0.495151754
19073,0.685799085
19075,0.729536324
19077,0.543567695
19079,0.672346989
19081,0.737563577
19083,0.63403807
19085,0.490085601
19087,0.536955985
19089,0.621968405
19091,0.643312486
19093,0.650269938
19095,0.536388172
19097,0.442055693
19099,0.556894696
19101,0.548899418
19103,0.467707281
19105,0.440155679
19107,0.640849598
19109,0.702302042
19111,0.624706306
19113,0.509703677
19115,0.496685671
19117,0.613407652
19119,0.743043919
19121,0.556100229
19123,0.572553379
19125,0.58013249
19127,0.62487222
19129,0.492556719
19131,0.73407571
19133,0.539379027
19135,0.465400619
19137,0.639257592
19139,0.506278234
19141,0.706324844
19143,0.723587343
19145,0.671518186
19147,0.687676928
19149,0.667259886
19151,0.739160481
19153,0.552450673
19155,0.55042278
19157,0.620097266
19159,0.660636402
19161,0.6754854
19163,0.512013266
19165,0.601141935
19167,0.706913814
19169,0.580782679
19171,0.601206679
19173,0.613586376
19175,0.648903087
19177,0.454927398
19179,0.528148002
19181,0.545419539
19183,0.638569402
19185,0.592551139
19187,0.570881097
19189,0.68388455
19191,0.380242646
19193,0.602624721
19195,0.641811676
19197,0.713710588
20001,0.644635119
20003,0.557730279
20005,0.623598137
20007,0.474360444
20009,0.741284147
20011,0.58803411
20013,0.673123914
20015,0.542548361
20017,0.401340864
20019,0.430511515
20021,0.663743486
20023,0.574322102
20025,0.450283795
20027,0.639424424
20029,0.732983462
20031,0.651994847
20033,0.485351219
20035,0.649070465
20037,0.6915589
20039,0.58733448
20041,0.616300591
20043,0.512228405
20045,0.498336925
20047,0.702388151
20049,0.519354562
20051,0.488343193
20053,0.526423347
20055,0.542491319
20057,0.579176515
20059,0.593698102
20061,0.451919122
20063,0.616134865
20065,0.646410118
20067,0.620705191
20069,0.560480129
20071,0.638474043
20073,0.579196565
20075,0.48963284
20077,0.722458377
20079,0.616523572
20081,0.640294549
20083,0.541152952
20085,0.628546218
20087,0.410448007
20089,0.61314494
20091,0.419563698
20093,0.473120301
20095,0.576651958
20097,0.557286597
20099,0.644463618
20101,0.52330621
20103,0.50084037
20105,0.551422091
20107,0.454285011
20109,0.562878064
20111,0.59939612
20113,0.654035467
20115,0.619845827
20117,0.622903608
20119,0.616069993
20121,0.490956122
20123,0.69349099
20125,0.638307746
20127,0.463222358
20129,0.501057929
20131,0.668379674
20133,0.665494004
20135,0.590781463
20137,0.574678644
20139,0.611253194
20141,0.552419338
20143,0.671989828
20145,0.645663501
20147,0.571248869
20149,0.425981328
20151,0.71234681
20153,0.508025278
20155,0.666553296
20157,0.680880951
20159,0.647176486
20161,0.455666828
20163,0.591106146
20165,0.678197249
20167,0.57222865
20169,0.601763468
20171,0.53763893
20173,0.553689648
20175,0.581216745
20177,0.553594
20179,0.652815589
20181,0.623732131
20183,0.66486788
20185,0.670637187
20187,0.669343976
20189,0.635976595
20191,0.643662489
20193,0.646243331
20195,0.493630018
20197,0.457150095
20199,0.515231233
20201,0.651151544
20203,0.596717391
20205,0.56308266
20207,0.621807187
20209,0.496605375
21001,0.109682918
21003,0.118133335
21005,0.213415844
21007,0.290364385
21009,0.180925371
21011,0.114935252
21013,0.177240662
21015,0.214969131
21017,0.201070303
21019,0.281708406
21021,0.298013603
21023,0.17357139
21025,0.087498976
21027,0.118506663
21029,0.200613677
21031,0.109710899
21033,0.184272994
21035,0.388385025
21037,0.377339172
21039,0.283209354
21041,0.223058493
21043,0.112455389
21045,0.085237482
21047,0.284727622
21049,0.255141752
21051,0.079784138
21053,0.148167924
21055,0.166995503
21057,0.107251273
21059,0.387528451
21061,0.122118203
21063,0.056994596
21065,0.106081994
21067,0.365803431
21069,0.110601552
21071,0.106699824
21073,0.245276109
21075,0.387751925
21077,0.158972592
21079,0.134950016
21081,0.103512504
21083,0.377935197
21085,0.140679682
21087,0.095080822
21089,0.224290829
21091,0.222734537
21093,0.27917994
21095,0.136537632
21097,0.149221714
21099,0.125700264
21101,0.4016662
21103,0.140600015
21105,0.296046874
21107,0.302143408
21109,0.061612451
21111,0.408892974
21113,0.28402406
21115,0.111366741
21117,0.332417903
21119,0.083006728
21121,0.117568378
21123,0.118013339
21125,0.12917839
21127,0.08556112
21129,0.07294373
21131,0.048736776
21133,0.108093371
21135,0.092124271
21137,0.132464541
21139,0.129605346
21141,0.187986885
21143,0.10986255
21145,0.439569605
21147,0.075093808
21149,0.198495012
21151,0.222883934
21153,0.064934852
21155,0.142104558
21157,0.235956166
21159,0.08338824
21161,0.231204073
21163,0.212871742
21165,0.071596453
21167,0.236879215
21169,0.108472933
21171,0.12090135
21173,0.186564185
21175,0.076311651
21177,0.149514647
21179,0.176607004
21181,0.09033694
21183,0.19208013
21185,0.18233524
21187,0.091633398
21189,0.079492292
21191,0.122942312
21193,0.094769806
21195,0.116711495
21197,0.108616175
21199,0.152626167
21201,0.073868955
21203,0.091898983
21205,0.090844423
21207,0.09852235
21209,0.243034838
21211,0.242094124
21213,0.233638824
21215,0.124780963
21217,0.198837785
21219,0.182894523
21221,0.144652818
21223,0.133212158
21225,0.324247571
21227,0.294206114
21229,0.107061781
21231,0.121952484
21233,0.196416705
21235,0.137996896
21237,0.072920873
21239,0.238157009
22001,0.521584187
22003,0.418767575
22005,0.338747521
22007,0.245748275
22009,0.229698124
22011,0.359535396
22013,0.263541397
22015,0.33777303
22017,0.478133319
22019,0.486846766
22021,0.162325716
22023,0.283801066
22025,0.220834775
22027,0.265483373
22029,0.261880561
22031,0.319051269
22033,0.458518083
22035,0.387541361
22037,0.284866928
22039,0.405197424
22041,0.325596704
22043,0.216924372
22045,0.404640322
22047,0.326819796
22049,0.256110756
22051,0.573547521
22053,0.565403894
22055,0.43433358
22057,0.388492625
22059,0.157402753
22061,0.309338918
22063,0.245257806
22065,0.432567413
22067,0.355457938
22069,0.250288193
22071,0.762656432
22073,0.390145145
22075,0.27045951
22077,0.240273425
22079,0.359363365
22081,0.204871765
22083,0.372772112
22085,0.196869368
22087,0.547090658
22089,0.321716854
22091,0.167238472
22093,0.317016455
22095,0.291642238
22097,0.394389733
22099,0.264532845
22101,0.344623862
22103,0.352130078
22105,0.361222021
22107,0.165668455
22109,0.356575224
22111,0.219920032
22113,0.456093385
22115,0.239907382
22117,0.34524656
22119,0.325526604
22121,0.46082885
22123,0.3875823
22125,0.140592255
22127,0.346548636
23001,0.31832913
23003,0.21872424
23005,0.234555285
23007,0.112064306
23009,0.104916564
23011,0.217733637
23013,0.154344372
23015,0.105201681
23017,0.133697338
23019,0.257748399
23021,0.164266564
23023,0.211714091
23025,0.164007333
23027,0.140201051
23029,0.151001585
23031,0.192996327
24001,0.284246053
24003,0.253378161
24005,0.29827086
24009,0.150847577
24011,0.245562755
24013,0.209666814
24015,0.208943002
24017,0.155378019
24019,0.241899605
24021,0.249848764
24023,0.192443035
24025,0.23204119
24027,0.195808196
24029,0.176412548
24031,0.295628624
24033,0.292461288
24035,0.191927527
24037,0.134390613
24039,0.236019762
24041,0.212262
24043,0.309713342
24045,0.300242643
24047,0.290587675
24510,0.621124124
25001,0.176728832
25003,0.251055014
25005,0.41137681
25007,0.142651178
25009,0.273651744
25011,0.210134412
25013,0.332766519
25015,0.21224723
25017,0.302722873
25019,0.167728518
25021,0.240205663
25023,0.241316288
25025,0.464212002
25027,0.24944249
26001,0.391241774
26003,0.251131188
26005,0.452411234
26007,0.47774107
26009,0.345087629
26011,0.444735465
26013,0.218040147
26015,0.403139642
26017,0.624836884
26019,0.362569026
26021,0.484407469
26023,0.449352188
26025,0.50086949
26027,0.413827172
26029,0.383588704
26031,0.357959919
26033,0.421503615
26035,0.397565104
26037,0.513793404
26039,0.320720755
26041,0.500610258
26043,0.481546583
26045,0.467790559
26047,0.385485002
26049,0.498506289
26051,0.389178424
26053,0.425711038
26055,0.374149172
26057,0.639360027
26059,0.504744193
26061,0.400519733
26063,0.559700469
26065,0.520939704
26067,0.461750185
26069,0.395449809
26071,0.33945054
26073,0.55817073
26075,0.474018554
26077,0.458035712
26079,0.404341459
26081,0.461242706
26083,0.090359672
26085,0.474018172
26087,0.459635178
26089,0.270681071
26091,0.501587294
26093,0.306543697
26095,0.334686391
26097,0.277078544
26099,0.456577098
26101,0.476103714
26103,0.411642841
26105,0.521327453
26107,0.440144079
26109,0.480544575
26111,0.456865281
26113,0.450062663
26115,0.484827197
26117,0.527586685
26119,0.323794048
26121,0.539654146
26123,0.449394844
26125,0.400485563
26127,0.437130354
26129,0.382307675
26131,0.365003528
26133,0.51940618
26135,0.355296032
26137,0.360341055
26139,0.435528069
26141,0.35578615
26143,0.386918687
26145,0.59415894
26147,0.507533883
26149,0.505513865
26151,0.621555688
26153,0.332420703
26155,0.574328264
26157,0.59773793
26159,0.454335744
26161,0.394039744
26163,0.654628951
26165,0.485347386
27001,0.397458366
27003,0.427284508
27005,0.357150975
27007,0.395944083
27009,0.465571243
27011,0.53691319
27013,0.489296813
27015,0.695347711
27017,0.452424569
27019,0.294048631
27021,0.235715348
27023,0.625630892
27025,0.347502725
27027,0.618350466
27029,0.44597452
27031,0.22860926
27033,0.695421568
27035,0.345015103
27037,0.41235151
27039,0.595278884
27041,0.406088589
27043,0.630711086
27045,0.442473999
27047,0.479684819
27049,0.405616157
27051,0.475580752
27053,0.575075646
27055,0.363137939
27057,0.366717819
27059,0.382125381
27061,0.313338221
27063,0.599747908
27065,0.420852671
27067,0.511305986
27069,0.564288962
27071,0.497214079
27073,0.739365783
27075,0.318713306
27077,0.472535099
27079,0.437302375
27081,0.686612725
27083,0.54300832
27085,0.53853994
27087,0.473638174
27089,0.670726467
27091,0.660464185
27093,0.46698562
27095,0.446159918
27097,0.534066031
27099,0.630542099
27101,0.685063118
27103,0.479546642
27105,0.62223524
27107,0.659532526
27109,0.442427792
27111,0.402738564
27113,0.637148082
27115,0.368460533
27117,0.701579478
27119,0.567815847
27121,0.507121181
27123,0.613961017
27125,0.621310151
27127,0.583773847
27129,0.60759193
27131,0.474105208
27133,0.720372596
27135,0.549988157
27137,0.5383626
27139,0.418367314
27141,0.365716797
27143,0.516207075
27145,0.458633923
27147,0.54972859
27149,0.526828801
27151,0.551173204
27153,0.507058185
27155,0.679894132
27157,0.427727656
27159,0.475189223
27161,0.506313227
27163,0.342401408
27165,0.684779682
27167,0.668608474
27169,0.516299657
27171,0.351434853
27173,0.692316185
28001,0.239281683
28003,0.331744681
28005,0.186368403
28007,0.233657372
28009,0.196896506
28011,0.532494064
28013,0.310458016
28015,0.135630613
28017,0.349815838
28019,0.241510236
28021,0.291841995
28023,0.192928158
28025,0.368203145
28027,0.434425402
28029,0.213690217
28031,0.240014557
28033,0.362642442
28035,0.434260623
28037,0.170834955
28039,0.272259063
28041,0.15158393
28043,0.330234204
28045,0.285628863
28047,0.436480857
28049,0.403232355
28051,0.185843399
28053,0.39098727
28055,0.196810857
28057,0.165784683
28059,0.383365143
28061,0.16678942
28063,0.159037341
28065,0.199196375
28067,0.318941899
28069,0.165764834
28071,0.214131259
28073,0.241223548
28075,0.423813424
28077,0.199771182
28079,0.209292553
28081,0.322906951
28083,0.413631683
28085,0.253917787
28087,0.335980477
28089,0.29919643
28091,0.252985203
28093,0.295766117
28095,0.351743824
28097,0.203257253
28099,0.267611521
28101,0.232423913
28103,0.372861022
28105,0.318311015
28107,0.299691084
28109,0.254645884
28111,0.188005163
28113,0.341534173
28115,0.235961014
28117,0.243875794
28119,0.393275821
28121,0.260772863
28123,0.270845218
28125,0.409025202
28127,0.255953255
28129,0.143676381
28131,0.285422746
28133,0.460969518
28135,0.290499249
28137,0.313167133
28139,0.259544969
28141,0.219619246
28143,0.433328475
28145,0.226203145
28147,0.261251773
28149,0.240570825
28151,0.477287256
28153,0.166874886
28155,0.246340468
28157,0.166855415
28159,0.237926794
28161,0.186548117
28163,0.302191727
29001,0.525245572
29003,0.409842517
29005,0.559088854
29007,0.522413033
29009,0.33769947
29011,0.671094809
29013,0.592612582
29015,0.23885504
29017,0.168004447
29019,0.362092098
29021,0.545556768
29023,0.412436207
29025,0.562365331
29027,0.279741217
29029,0.113138663
29031,0.384138002
29033,0.538059032
29035,0.193139624
29037,0.439248426
29039,0.485816878
29041,0.361998486
29043,0.329513009
29045,0.50532813
29047,0.383012046
29049,0.514205154
29051,0.283785301
29053,0.369390617
29055,0.206788598
29057,0.411819946
29059,0.322183372
29061,0.412170059
29063,0.564710881
29065,0.367416841
29067,0.210008324
29069,0.547762093
29071,0.245927267
29073,0.247146689
29075,0.551777372
29077,0.524404004
29079,0.52944873
29081,0.490732241
29083,0.508783194
29085,0.321746821
29087,0.41592702
29089,0.223047455
29091,0.380185508
29093,0.215529806
29095,0.53266883
29097,0.624411928
29099,0.183395341
29101,0.422371695
29103,0.527887682
29105,0.369057503
29107,0.46645432
29109,0.553916041
29111,0.483377084
29113,0.223852786
29115,0.546048656
29117,0.605289003
29119,0.277634961
29121,0.486173089
29123,0.222637862
29125,0.22100088
29127,0.42346925
29129,0.366972402
29131,0.253346503
29133,0.496248342
29135,0.39266257
29137,0.355935994
29139,0.339186747
29141,0.266308928
29143,0.486521306
29145,0.431090938
29147,0.626136789
29149,0.279849324
29151,0.161255798
29153,0.132122285
29155,0.507884255
29157,0.234527541
29159,0.590095282
29161,0.300645653
29163,0.368281927
29165,0.294556956
29167,0.350257812
29169,0.216399373
29171,0.434090163
29173,0.336855692
29175,0.452869534
29177,0.385668307
29179,0.118415814
29181,0.311081707
29183,0.268214371
29185,0.41188883
29186,0.141813495
29187,0.328076654
29189,0.312353618
29195,0.509868949
29197,0.412711039
29199,0.50251479
29201,0.410880601
29203,0.217968307
29205,0.504738818
29207,0.457864498
29209,0.153562837
29211,0.30587009
29213,0.218648996
29215,0.210837824
29217,0.57915938
29219,0.19669014
29221,0.154677844
29223,0.131926119
29225,0.254221453
29227,0.525865495
29229,0.283588236
29510,0.655862135
30001,0.292083602
30003,0.249246344
30005,0.224587474
30007,0.41024133
30009,0.321968047
30011,0.174400829
30013,0.625010849
30015,0.416921137
30017,0.615707273
30019,0.458329082
30021,0.439720671
30023,0.514380963
30025,0.3070946
30027,0.450772483
30029,0.35755287
30031,0.451784301
30033,0.250010421
30035,0.256315312
30037,0.260083884
30039,0.175246125
30041,0.442555863
30043,0.186787897
30045,0.332001786
30047,0.293357523
30049,0.41147932
30051,0.510374728
30053,0.285043905
30055,0.393531612
30057,0.166501781
30059,0.284122774
30061,0.137089653
30063,0.447310421
30065,0.430483074
30067,0.342310637
30069,0.307432734
30071,0.211308304
30073,0.439269133
30075,0.126885509
30077,0.334383408
30079,0.461064456
30081,0.294678196
30083,0.497271384
30085,0.469466414
30087,0.222622012
30089,0.193195808
30091,0.45160922
30093,0.63483923
30095,0.318499266
30097,0.260173091
30099,0.463922434
30101,0.29843426
30103,0.249708841
30105,0.363355288
30107,0.457720096
30109,0.413566565
30111,0.507521131
31001,0.699987332
31003,0.69065204
31005,0.194942034
31007,0.344323308
31009,0.236925467
31011,0.643941785
31013,0.575038248
31015,0.498104808
31017,0.485629011
31019,0.602278214
31021,0.616010731
31023,0.721791085
31025,0.556105252
31027,0.569159666
31029,0.522897616
31031,0.234913355
31033,0.580343026
31035,0.671701263
31037,0.698443812
31039,0.702349274
31041,0.474194966
31043,0.612236972
31045,0.43842267
31047,0.61411382
31049,0.57361141
31051,0.52160424
31053,0.685293036
31055,0.535432976
31057,0.467853655
31059,0.803585227
31061,0.574908667
31063,0.345413166
31065,0.544592471
31067,0.73432031
31069,0.376072448
31071,0.344816066
31073,0.477705275
31075,0.148096687
31077,0.473598505
31079,0.563724867
31081,0.654923386
31083,0.551229595
31085,0.392468344
31087,0.470545344
31089,0.630737075
31091,0.370303582
31093,0.504665649
31095,0.73951615
31097,0.708737996
31099,0.775794108
31101,0.623610677
31103,0.402734886
31105,0.447962042
31107,0.473979477
31109,0.559046892
31111,0.564353723
31113,0.418083872
31115,0.350726272
31117,0.299849994
31119,0.635856791
31121,0.586437451
31123,0.381175777
31125,0.537729562
31127,0.70780947
31129,0.662657134
31131,0.702285162
31133,0.596870648
31135,0.585702637
31137,0.701525229
31139,0.728597959
31141,0.631623135
31143,0.698408353
31145,0.580441355
31147,0.642769231
31149,0.423257599
31151,0.679818959
31153,0.409031554
31155,0.623638754
31157,0.534486595
31159,0.631740911
31161,0.421822557
31163,0.506747115
31165,0.279200678
31167,0.64839292
31169,0.68739669
31171,0.320366454
31173,0.499554876
31175,0.529771915
31177,0.419174429
31179,0.682824042
31181,0.644443448
31183,0.404968771
31185,0.713669462
32001,0.400523674
32003,0.443502622
32005,0.285822099
32007,0.388627641
32009,0.270894749
32011,0.32161466
32013,0.349098933
32015,0.327782615
32017,0.28510204
32019,0.384752004
32021,0.424324194
32023,0.413933522
32027,0.325217795
32029,0.17872348
32031,0.355145683
32033,0.386943257
32510,0.470480842
33001,0.137559656
33003,0.108236068
33005,0.149551302
33007,0.166364732
33009,0.105596393
33011,0.316114083
33013,0.218093693
33015,0.18343625
33017,0.198598961
33019,0.14603016
34001,0.521796474
34003,0.447436335
34005,0.315614821
34007,0.435655616
34009,0.528149368
34011,0.448916651
34013,0.549432
34015,0.322010276
34017,0.678636335
34019,0.204833529
34021,0.375081508
34023,0.362688929
34025,0.332644425
34027,0.232747708
34029,0.365048956
34031,0.503573621
34033,0.364717409
34035,0.32709434
34037,0.201119972
34039,0.495729494
34041,0.297224755
35001,0.465682811
35003,0.101519059
35005,0.571132528
35006,0.24902746
35007,0.250441198
35009,0.614001629
35011,0.254281212
35013,0.408044213
35015,0.501780107
35017,0.292127735
35019,0.198374183
35021,0.239179879
35023,0.401440043
35025,0.556144845
35027,0.159266183
35028,0.199895334
35029,0.630319228
35031,0.229031124
35033,0.101909443
35035,0.440556846
35037,0.623152502
35039,0.169969112
35041,0.562503613
35043,0.278072985
35045,0.324608191
35047,0.327684454
35049,0.273866167
35051,0.400492239
35053,0.242469498
35055,0.181210397
35057,0.396005085
35059,0.251890618
35061,0.318366619
36001,0.377286999
36003,0.181526927
36005,0.697228948
36007,0.351618903
36009,0.303847577
36011,0.376462531
36013,0.410344973
36015,0.430292026
36017,0.213694753
36019,0.289684111
36021,0.157758553
36023,0.318494782
36025,0.094114639
36027,0.202115925
36029,0.467668732
36031,0.128196808
36033,0.207084746
36035,0.327270125
36037,0.389156989
36039,0.166232528
36041,0.088514678
36043,0.282312125
36045,0.295977622
36047,0.844598189
36049,0.14630954
36051,0.311183225
36053,0.26803545
36055,0.428651605
36057,0.342758598
36059,0.424210782
36061,0.793312084
36063,0.524872266
36065,0.408851033
36067,0.41417382
36069,0.360859724
36071,0.243960074
36073,0.478310775
36075,0.374302067
36077,0.187907458
36079,0.177666123
36081,0.71803405
36083,0.311514255
36085,0.500613912
36087,0.268122258
36089,0.269398212
36091,0.258940422
36093,0.409574247
36095,0.191890431
36097,0.280273114
36099,0.398734672
36101,0.285645773
36103,0.382497841
36105,0.148057456
36107,0.214331495
36109,0.37097299
36111,0.211154769
36113,0.255055017
36115,0.194970879
36117,0.354248489
36119,0.359013583
36121,0.36145717
36123,0.282551853
37001,0.256068492
37003,0.102921592
37005,0.074735582
37007,0.16429207
37009,0.080261649
37011,0.093076161
37013,0.245380061
37015,0.142719471
37017,0.166523835
37019,0.239090777
37021,0.162810785
37023,0.138668576
37025,0.243948741
37027,0.131930834
37029,0.152953151
37031,0.312557801
37033,0.123264652
37035,0.205053037
37037,0.189690488
37039,0.083484484
37041,0.22293958
37043,0.067538985
37045,0.211936821
37047,0.23256559
37049,0.271650898
37051,0.275551486
37053,0.175382229
37055,0.274692872
37057,0.212282955
37059,0.150360757
37061,0.206917843
37063,0.322722617
37065,0.33739866
37067,0.300837483
37069,0.162276643
37071,0.22328842
37073,0.16943625
37075,0.088928721
37077,0.205659987
37079,0.214301239
37081,0.309708899
37083,0.310955647
37085,0.232764828
37087,0.124863182
37089,0.14049115
37091,0.334913979
37093,0.207787386
37095,0.085527526
37097,0.192631156
37099,0.063690448
37101,0.252804851
37103,0.174170093
37105,0.231576616
37107,0.357196544
37109,0.14809395
37111,0.109337357
37113,0.078839446
37115,0.065364532
37117,0.253072199
37119,0.251776744
37121,0.067208741
37123,0.184962613
37125,0.195107485
37127,0.277126463
37129,0.386865115
37131,0.133033372
37133,0.230981102
37135,0.230014772
37137,0.131100125
37139,0.285885011
37141,0.229823621
37143,0.201287838
37145,0.161665025
37147,0.278742323
37149,0.111045233
37151,0.231406057
37153,0.260733335
37155,0.274856918
37157,0.229209225
37159,0.266442904
37161,0.129475332
37163,0.234235013
37165,0.226863049
37167,0.238643255
37169,0.104193701
37171,0.122551319
37173,0.083079001
37175,0.078647516
37177,0.182035541
37179,0.196700528
37181,0.230956714
37183,0.243263134
37185,0.131094764
37187,0.189909044
37189,0.091408767
37191,0.30388017
37193,0.140753414
37195,0.338343863
37197,0.14987433
37199,0.083944962
38001,0.614592837
38003,0.601558165
38005,0.423400446
38007,0.241922698
38009,0.668778006
38011,0.579056515
38013,0.462931558
38015,0.502575974
38017,0.624721097
38019,0.60649766
38021,0.659427521
38023,0.515155022
38025,0.282984526
38027,0.47367184
38029,0.446964348
38031,0.547694958
38033,0.432990782
38035,0.649381848
38037,0.372186499
38039,0.505521655
38041,0.519907042
38043,0.479510715
38045,0.63696547
38047,0.479000802
38049,0.582967334
38051,0.546156976
38053,0.323553729
38055,0.443146173
38057,0.482709845
38059,0.440647789
38061,0.435817862
38063,0.570687812
38065,0.45220422
38067,0.614613162
38069,0.60191561
38071,0.512045046
38073,0.61415417
38075,0.687373323
38077,0.639600912
38079,0.438240715
38081,0.569197854
38083,0.432236928
38085,0.296200051
38087,0.34654889
38089,0.537950689
38091,0.676452561
38093,0.56988467
38095,0.54581557
38097,0.678960488
38099,0.611053557
38101,0.516573487
38103,0.597070861
38105,0.544004433
39001,0.222943242
39003,0.573198136
39005,0.371304387
39007,0.399492044
39009,0.250533237
39011,0.499510312
39013,0.239618037
39015,0.268855141
39017,0.404071624
39019,0.273514453
39021,0.391933357
39023,0.455762819
39025,0.24674631
39027,0.348749747
39029,0.400498252
39031,0.346030623
39033,0.560686723
39035,0.476412692
39037,0.467768816
39039,0.464880032
39041,0.342212049
39043,0.431040969
39045,0.397074617
39047,0.392535435
39049,0.457393155
39051,0.492560164
39053,0.200694818
39055,0.372862941
39057,0.321991742
39059,0.319664189
39061,0.401471564
39063,0.561156113
39065,0.575640151
39067,0.16207258
39069,0.487190276
39071,0.272944925
39073,0.226737635
39075,0.250617129
39077,0.385500025
39079,0.328555635
39081,0.309138511
39083,0.320997322
39085,0.349040244
39087,0.320510584
39089,0.34453369
39091,0.392855627
39093,0.487914425
39095,0.537828131
39097,0.319670476
39099,0.51944418
39101,0.509341111
39103,0.416825918
39105,0.208247229
39107,0.535110216
39109,0.493045599
39111,0.154869077
39113,0.441451288
39115,0.144235168
39117,0.456438651
39119,0.31937298
39121,0.148905233
39123,0.438071077
39125,0.627133942
39127,0.257263332
39129,0.386750665
39131,0.219202081
39133,0.376758798
39135,0.444950381
39137,0.484982091
39139,0.419982409
39141,0.298093932
39143,0.516684026
39145,0.307331343
39147,0.534670642
39149,0.489337056
39151,0.505237625
39153,0.474582382
39155,0.495570737
39157,0.35555546
39159,0.328306538
39161,0.601781131
39163,0.197508582
39165,0.307931541
39167,0.257714149
39169,0.492776576
39171,0.515670688
39173,0.516495075
39175,0.563294192
40001,0.295299841
40003,0.531755391
40005,0.378639484
40007,0.533301286
40009,0.584814094
40011,0.579489447
40013,0.49422308
40015,0.478410676
40017,0.484330645
40019,0.529353896
40021,0.324164429
40023,0.513364771
40025,0.677614461
40027,0.446417837
40029,0.380889659
40031,0.557604194
40033,0.687290327
40035,0.534150771
40037,0.400374243
40039,0.500792835
40041,0.297349844
40043,0.348754163
40045,0.51376783
40047,0.620465516
40049,0.513997768
40051,0.515386118
40053,0.681699937
40055,0.503247064
40057,0.664430685
40059,0.560867189
40061,0.394154615
40063,0.507227243
40065,0.569210832
40067,0.57730453
40069,0.452404305
40071,0.643911228
40073,0.437453235
40075,0.604386506
40077,0.316283006
40079,0.374834425
40081,0.492969499
40083,0.506126465
40085,0.37120619
40087,0.470512337
40089,0.396130765
40091,0.383520688
40093,0.406965795
40095,0.38578375
40097,0.422442609
40099,0.479554488
40101,0.529533229
40103,0.478687034
40105,0.5971412
40107,0.390320768
40109,0.534512686
40111,0.586381452
40113,0.294207722
40115,0.602156412
40117,0.458065683
40119,0.559530398
40121,0.455566596
40123,0.554882392
40125,0.53712553
40127,0.292465404
40129,0.535457365
40131,0.399136264
40133,0.537026075
40135,0.374798913
40137,0.582148681
40139,0.679255142
40141,0.726120626
40143,0.467141174
40145,0.38749253
40147,0.487938547
40149,0.542040241
40151,0.656782327
40153,0.58169768
41001,0.407510833
41003,0.410846808
41005,0.334044494
41007,0.328303665
41009,0.27222069
41011,0.312009568
41013,0.357173831
41015,0.15849988
41017,0.367987281
41019,0.242267332
41021,0.267415324
41023,0.116293262
41025,0.276484679
41027,0.349477941
41029,0.383953367
41031,0.330676637
41033,0.275638607
41035,0.392003729
41037,0.192199473
41039,0.400935932
41041,0.259243122
41043,0.40517714
41045,0.480595863
41047,0.420206233
41049,0.307157272
41051,0.567111513
41053,0.4538325
41055,0.350232542
41057,0.290866607
41059,0.395405696
41061,0.405283917
41063,0.277811823
41065,0.370802812
41067,0.360560118
41069,0.129563544
41071,0.436354462
42001,0.261713444
42003,0.363787516
42005,0.277238542
42007,0.37259225
42009,0.143442071
42011,0.431655544
42013,0.486169635
42015,0.234184893
42017,0.321324784
42019,0.287033621
42021,0.364141223
42023,0.327807596
42025,0.338230026
42027,0.318382888
42029,0.298524981
42031,0.250135536
42033,0.216431368
42035,0.258637304
42037,0.368747561
42039,0.367294358
42041,0.315722248
42043,0.430806726
42045,0.443487695
42047,0.229136184
42049,0.555696204
42051,0.245897476
42053,0.160689851
42055,0.283864773
42057,0.130242451
42059,0.217550517
42061,0.224175014
42063,0.289411316
42065,0.269756889
42067,0.191499091
42069,0.484889112
42071,0.356149037
42073,0.431800087
42075,0.406280392
42077,0.429594078
42079,0.433563112
42081,0.363363827
42083,0.254139215
42085,0.430922324
42087,0.261281719
42089,0.180558214
42091,0.387082403
42093,0.252813277
42095,0.427912108
42097,0.465612085
42099,0.191322554
42101,0.673234684
42103,0.205786284
42105,0.165003349
42107,0.427442539
42109,0.234542772
42111,0.237917045
42113,0.098009141
42115,0.211868213
42117,0.21135676
42119,0.293494091
42121,0.314464524
42123,0.253802876
42125,0.28654147
42127,0.148969243
42129,0.299514843
42131,0.137211422
42133,0.32630423
44001,0.36205061
44003,0.277620023
44005,0.291202001
44007,0.38644013
44009,0.203199234
45001,0.157426201
45003,0.22853727
45005,0.290058106
45007,0.181833165
45009,0.246414843
45011,0.216384064
45013,0.220398379
45015,0.212478972
45017,0.186598788
45019,0.336333027
45021,0.196004005
45023,0.157520126
45025,0.171584488
45027,0.156319813
45029,0.147608894
45031,0.25434536
45033,0.305771912
45035,0.218049735
45037,0.141188432
45039,0.11482693
45041,0.294254195
45043,0.212305527
45045,0.222621833
45047,0.201725111
45049,0.29103361
45051,0.29224429
45053,0.136885429
45055,0.182118721
45057,0.181611899
45059,0.149203275
45061,0.162172923
45063,0.208117757
45065,0.09932965
45067,0.216669274
45069,0.263905734
45071,0.146556242
45073,0.128265317
45075,0.21981687
45077,0.156789315
45079,0.30996484
45081,0.134297007
45083,0.215095641
45085,0.256217854
45087,0.168863895
45089,0.210926244
45091,0.21320682
46003,0.756041524
46005,0.618693976
46007,0.447203124
46009,0.677940172
46011,0.609289248
46013,0.71669651
46015,0.531930825
46017,0.440088967
46019,0.424882886
46021,0.589605464
46023,0.724485797
46025,0.700680682
46027,0.598415992
46029,0.668002921
46031,0.488244342
46033,0.266882549
46035,0.69700239
46037,0.560493848
46039,0.624042162
46041,0.552706561
46043,0.788536158
46045,0.684915007
46047,0.343081719
46049,0.623865967
46051,0.706099807
46053,0.615699978
46055,0.358461222
46057,0.703751554
46059,0.662807902
46061,0.582778639
46063,0.288183597
46065,0.531046769
46067,0.677863066
46069,0.554440807
46071,0.349393783
46073,0.656691809
46075,0.392199528
46077,0.724393951
46079,0.693493174
46081,0.301799525
46083,0.567380392
46085,0.391521347
46087,0.759797251
46089,0.626467759
46091,0.625515729
46093,0.383928368
46095,0.319400513
46097,0.78972242
46099,0.569709256
46101,0.687239595
46102,0.188923669
46103,0.403952818
46105,0.464079834
46107,0.638542166
46109,0.643491847
46111,0.560728893
46115,0.680332674
46117,0.299557227
46119,0.651781103
46121,0.33552922
46123,0.590564263
46125,0.755581471
46127,0.553110515
46129,0.646995462
46135,0.603659353
46137,0.42600937
47001,0.202536101
47003,0.239514543
47005,0.179007162
47007,0.128639834
47009,0.204045619
47011,0.310646396
47013,0.16579315
47015,0.167158156
47017,0.229120175
47019,0.200408947
47021,0.135237955
47023,0.241521169
47025,0.138489352
47027,0.08939644
47029,0.108519237
47031,0.261826318
47033,0.309198446
47035,0.147477478
47037,0.321066995
47039,0.170336593
47041,0.157480479
47043,0.181077119
47045,0.341063221
47047,0.250752732
47049,0.149084456
47051,0.189070349
47053,0.36898784
47055,0.145778207
47057,0.150397828
47059,0.154849566
47061,0.153957087
47063,0.225200828
47065,0.294177155
47067,0.125352563
47069,0.22931648
47071,0.200429974
47073,0.196310261
47075,0.280344368
47077,0.149875833
47079,0.265229945
47081,0.102570363
47083,0.116746916
47085,0.145610852
47087,0.091558293
47089,0.158824977
47091,0.110858117
47093,0.259268158
47095,0.404049295
47097,0.244069715
47099,0.240031638
47101,0.168522304
47103,0.201040465
47105,0.200028253
47107,0.23244013
47109,0.178899622
47111,0.145584894
47113,0.36181723
47115,0.191592032
47117,0.253740389
47119,0.251966606
47121,0.163362402
47123,0.187548897
47125,0.290268423
47127,0.080006254
47129,0.092061568
47131,0.353804871
47133,0.156607867
47135,0.123695213
47137,0.074706523
47139,0.160350755
47141,0.283851797
47143,0.18685372
47145,0.200375195
47147,0.241045071
47149,0.309473599
47151,0.080186564
47153,0.110946937
47155,0.125360979
47157,0.447680482
47159,0.143052814
47161,0.17620142
47163,0.244217025
47165,0.232687476
47167,0.237318275
47169,0.23821934
47171,0.180180463
47173,0.154177318
47175,0.116738973
47177,0.208379602
47179,0.266003413
47181,0.130581905
47183,0.321012476
47185,0.195354972
47187,0.234677557
47189,0.254563208
48001,0.293622664
48003,0.57268968
48005,0.300245681
48007,0.428380235
48009,0.281366655
48011,0.456150279
48013,0.356163961
48015,0.244078072
48017,0.579212033
48019,0.16700184
48021,0.25990968
48023,0.370840632
48025,0.419583067
48027,0.453004762
48029,0.437267144
48031,0.160044219
48033,0.183417039
48035,0.33348455
48037,0.417123356
48039,0.391020081
48041,0.387491824
48043,0.47439145
48045,0.404450271
48047,0.452578857
48049,0.414429183
48051,0.2694597
48053,0.273744073
48055,0.323252507
48057,0.488779688
48059,0.36224329
48061,0.452194809
48063,0.266981318
48065,0.516879499
48067,0.245629836
48069,0.562218373
48071,0.351228717
48073,0.31861087
48075,0.561162745
48077,0.462351332
48079,0.541501243
48081,0.219391063
48083,0.412384827
48085,0.456849433
48087,0.403782033
48089,0.277882328
48091,0.280894225
48093,0.380824492
48095,0.316963253
48097,0.462884828
48099,0.34620014
48101,0.313432132
48103,0.322746635
48105,0.146536371
48107,0.508352282
48109,0.240369721
48111,0.558251786
48113,0.535890929
48115,0.609641097
48117,0.636872746
48119,0.503497478
48121,0.408918072
48123,0.266397574
48125,0.33994089
48127,0.247266214
48129,0.465951314
48131,0.297150681
48133,0.440646245
48135,0.578430596
48137,0.101664932
48139,0.330597293
48141,0.479007104
48143,0.29795843
48145,0.405767676
48147,0.448101814
48149,0.260470062
48151,0.342774341
48153,0.563737995
48155,0.397752826
48157,0.342135904
48159,0.269005855
48161,0.335777203
48163,0.229381831
48165,0.612951414
48167,0.525088504
48169,0.304639316
48171,0.251838986
48173,0.269947093
48175,0.376680464
48177,0.38228228
48179,0.646985776
48181,0.494623438
48183,0.375782181
48185,0.277275124
48187,0.3772227
48189,0.658436711
48191,0.383380212
48193,0.356342659
48195,0.449692706
48197,0.412972014
48199,0.276407834
48201,0.516420386
48203,0.346673212
48205,0.311746803
48207,0.460271007
48209,0.285032605
48211,0.244206522
48213,0.309367787
48215,0.525827464
48217,0.414649075
48219,0.662972644
48221,0.241283748
48223,0.346033123
48225,0.205932532
48227,0.488346598
48229,0.228904878
48231,0.366173546
48233,0.446317252
48235,0.218371325
48237,0.329558516
48239,0.35669641
48241,0.278875841
48243,0.102190683
48245,0.568760516
48247,0.518889036
48249,0.499317942
48251,0.358496048
48253,0.430414119
48255,0.298985642
48257,0.33177176
48259,0.208525367
48261,0.20267215
48263,0.217908723
48265,0.201706719
48267,0.415790077
48269,0.121384352
48271,0.16873824
48273,0.608439944
48275,0.44490462
48277,0.44637241
48279,0.635797959
48281,0.352820563
48283,0.20292894
48285,0.331430612
48287,0.279079562
48289,0.144175979
48291,0.337639622
48293,0.379854328
48295,0.366815257
48297,0.302476768
48299,0.239587779
48301,0.224202793
48303,0.596238398
48305,0.646805119
48307,0.401391693
48309,0.475524198
48311,0.192549317
48313,0.230919649
48315,0.314688016
48317,0.492828354
48319,0.346911582
48321,0.410311908
48323,0.392647548
48325,0.323317414
48327,0.201383937
48329,0.571075847
48331,0.34856206
48333,0.184570185
48335,0.394157726
48337,0.345507697
48339,0.272393833
48341,0.608473849
48343,0.344760624
48345,0.212627521
48347,0.290852317
48349,0.364941291
48351,0.139849613
48353,0.498931415
48355,0.477090189
48357,0.606340286
48359,0.339897026
48361,0.330589089
48363,0.451460597
48365,0.195849248
48367,0.28800024
48369,0.579415454
48371,0.503610226
48373,0.197538441
48375,0.634185003
48377,0.26311203
48379,0.290031721
48381,0.545800505
48383,0.301366466
48385,0.119305527
48387,0.31273398
48389,0.576577032
48391,0.437552354
48393,0.170794366
48395,0.367437433
48397,0.3100421
48399,0.429946463
48401,0.26278129
48403,0.132423803
48405,0.232471664
48407,0.128850617
48409,0.496516299
48411,0.429112668
48413,0.21386271
48415,0.449315666
48417,0.173526091
48419,0.149502452
48421,0.44302803
48423,0.404678339
48425,0.284402221
48427,0.378825277
48429,0.453554255
48431,0.194866834
48433,0.249185881
48435,0.103447573
48437,0.558856308
48439,0.461718538
48441,0.510584351
48443,0.092181625
48445,0.655538324
48447,0.215952523
48449,0.419548008
48451,0.534388495
48453,0.364773644
48455,0.203974552
48457,0.217450567
48459,0.300663817
48461,0.302171414
48463,0.431696917
48465,0.516910082
48467,0.309439924
48469,0.480117915
48471,0.244426859
48473,0.402647646
48475,0.624110119
48477,0.257916625
48479,0.602040405
48481,0.451694453
48483,0.402478254
48485,0.505232474
48487,0.507924437
48489,0.602399022
48491,0.343490489
48493,0.321202756
48495,0.611196142
48497,0.298907857
48499,0.290217131
48501,0.487222698
48503,0.481199403
48505,0.582775696
48507,0.376289547
49001,0.440461221
49003,0.496966731
49005,0.482008349
49007,0.387002309
49009,0.374842724
49011,0.369778885
49013,0.333218329
49015,0.473080591
49017,0.264378536
49019,0.293078194
49021,0.422443334
49023,0.534901193
49025,0.334967601
49027,0.513085106
49029,0.166025574
49031,0.279785865
49033,0.206749021
49035,0.435409725
49037,0.2405283
49039,0.490748754
49041,0.548816374
49043,0.17665679
49045,0.382415128
49047,0.36300379
49049,0.438192895
49051,0.438434727
49053,0.363078122
49055,0.498479449
49057,0.476806088
50001,0.161427811
50003,0.158303169
50005,0.139996309
50007,0.298628805
50009,0.101489646
50011,0.203556993
50013,0.173498022
50015,0.104229271
50017,0.10840099
50019,0.137359926
50021,0.205081703
50023,0.162957207
50025,0.108687796
50027,0.122088776
51001,0.178830994
51003,0.150409021
51005,0.172373325
51007,0.08786302
51009,0.125018536
51011,0.090492743
51013,0.47950585
51015,0.125372905
51017,0.083703618
51019,0.086571467
51021,0.094605495
51023,0.167097302
51025,0.179106632
51027,0.055030456
51029,0.080492501
51031,0.170472263
51033,0.131047661
51035,0.083061674
51036,0.115920734
51037,0.075313546
51041,0.218663094
51043,0.141588832
51045,0.08993103
51047,0.143396838
51049,0.076153209
51051,0.072471929
51053,0.179739876
51057,0.099321916
51059,0.267573083
51061,0.138489156
51063,0.064009251
51065,0.106562627
51067,0.081673254
51069,0.18926646
51071,0.11687057
51073,0.131955172
51075,0.195684069
51077,0.056733085
51079,0.112423573
51081,0.124902535
51083,0.125244161
51085,0.192277072
51087,0.324038065
51089,0.114170367
51091,0.10297101
51093,0.150264837
51095,0.127637134
51097,0.072920706
51099,0.146624411
51101,0.165899197
51103,0.066392889
51105,0.134238599
51107,0.275468151
51109,0.118297761
51111,0.088892168
51113,0.100902807
51115,0.087991921
51117,0.12025762
51119,0.11348626
51121,0.206885352
51125,0.074472384
51127,0.134119735
51131,0.177145685
51133,0.080405284
51135,0.20755542
51137,0.134892674
51139,0.1187431
51141,0.055538551
51143,0.085020974
51145,0.172596626
51147,0.254534478
51149,0.15546752
51153,0.23603978
51155,0.164009599
51157,0.092840674
51159,0.087047248
51161,0.183645628
51163,0.118899088
51165,0.17244279
51167,0.106314918
51169,0.104118062
51171,0.186506883
51173,0.120765615
51175,0.144468035
51177,0.193995411
51179,0.192208504
51181,0.078352688
51183,0.103603158
51185,0.148222067
51187,0.203956641
51191,0.146995662
51193,0.122411386
51195,0.119174104
51197,0.12985938
51199,0.206346748
51510,0.472381977
51520,0.273998474
51530,0.505426169
51540,0.376064285
51550,0.301299507
51570,0.390360108
51580,0.34091494
51590,0.264653972
51595,0.30118101
51600,0.323284902
51610,0.328019111
51620,0.401083706
51630,0.390254985
51640,0.266016886
51650,0.403631236
51660,0.354336079
51670,0.464112269
51678,0.297178681
51680,0.333990471
51683,0.321029128
51685,0.271915764
51690,0.202728411
51700,0.428313578
51710,0.517390121
51720,0.228837696
51730,0.408995596
51735,0.171919914
51740,0.491736246
51750,0.340463678
51760,0.607015147
51770,0.40637632
51775,0.316304961
51790,0.309076565
51800,0.239835674
51810,0.331691264
51820,0.376036557
51830,0.230665425
51840,0.410241499
53001,0.5963891
53003,0.47310764
53005,0.395143101
53007,0.305673924
53009,0.384543418
53011,0.42502004
53013,0.200812775
53015,0.369644156
53017,0.430275891
53019,0.076725411
53021,0.486524034
53023,0.196300907
53025,0.441796715
53027,0.391339444
53029,0.303515554
53031,0.264646704
53033,0.453860878
53035,0.352088566
53037,0.407948362
53039,0.232011026
53041,0.34931531
53043,0.480833602
53045,0.264606065
53047,0.215125714
53049,0.408253207
53051,0.194622317
53053,0.438861271
53055,0.182834253
53057,0.392670941
53059,0.162552502
53061,0.350894916
53063,0.551910773
53065,0.256753784
53067,0.324329768
53069,0.139285355
53071,0.440128434
53073,0.42536222
53075,0.268435299
53077,0.506177853
54001,0.165597072
54003,0.230733975
54005,0.1255263
54007,0.082265579
54009,0.17666454
54011,0.427200511
54013,0.073702659
54015,0.083784668
54017,0.080697829
54019,0.14457076
54021,0.130574131
54023,0.164890759
54025,0.146913752
54027,0.136045358
54029,0.212025009
54031,0.122980008
54033,0.195358633
54035,0.174627861
54037,0.275061426
54039,0.27575987
54041,0.142657907
54043,0.089835665
54045,0.129599811
54047,0.080324155
54049,0.213597763
54051,0.33082021
54053,0.229449393
54055,0.192379699
54057,0.198817033
54059,0.134644377
54061,0.236170081
54063,0.089520727
54065,0.16716556
54067,0.111255447
54069,0.325200406
54071,0.090274447
54073,0.124560163
54075,0.140004177
54077,0.12729852
54079,0.154003341
54081,0.139367741
54083,0.166051275
54085,0.098742433
54087,0.094731276
54089,0.170124439
54091,0.116546748
54093,0.137256236
54095,0.18328939
54097,0.1886014
54099,0.230221111
54101,0.098110009
54103,0.267609689
54105,0.085051702
54107,0.343024126
54109,0.087284025
55001,0.471693153
55003,0.458872541
55005,0.461599938
55007,0.352681905
55009,0.540821794
55011,0.280913997
55013,0.359114438
55015,0.500627199
55017,0.443545359
55019,0.595966112
55021,0.387300582
55023,0.310481182
55025,0.448034501
55027,0.468516358
55029,0.408458834
55031,0.632102324
55033,0.413709466
55035,0.462165757
55037,0.273968505
55039,0.504559889
55041,0.33381554
55043,0.40010392
55045,0.537408021
55047,0.461189978
55049,0.34857278
55051,0.300019268
55053,0.306947169
55055,0.422884732
55057,0.335971488
55059,0.583343494
55061,0.617923771
55063,0.516631616
55065,0.401114017
55067,0.471908625
55069,0.454381624
55071,0.578231925
55073,0.558690656
55075,0.42537613
55077,0.317719545
55078,0.154838597
55079,0.707134229
55081,0.378019473
55083,0.42693449
55085,0.214142317
55087,0.560879714
55089,0.456769409
55091,0.3386036
55093,0.417145756
55095,0.388453517
55097,0.542324102
55099,0.374549241
55101,0.519648116
55103,0.34282296
55105,0.538292245
55107,0.413028167
55109,0.429869344
55111,0.453949146
55113,0.270079534
55115,0.491247198
55117,0.555895935
55119,0.487739847
55121,0.193055731
55123,0.243276575
55125,0.194463525
55127,0.423074835
55129,0.35471182
55131,0.40776831
55133,0.37428205
55135,0.402946435
55137,0.358577087
55139,0.550217092
55141,0.552552365
56001,0.584547492
56003,0.407920046
56005,0.371612438
56007,0.377352623
56009,0.34971239
56011,0.131849792
56013,0.383209711
56015,0.482709954
56017,0.444981399
56019,0.295829112
56021,0.505161623
56023,0.339761597
56025,0.477673226
56027,0.230847851
56029,0.434013806
56031,0.380939949
56033,0.487120448
56035,0.312751363
56037,0.339339926
56039,0.287415796
56041,0.33408308
56043,0.479057768
56045,0.224156436
